Village Name,Panchayat Name,Block Name,District Name,State Name,Total Population,SC Population,ST Population,GEN Population,No. of Habitations,Is PWS Available,JJM Status,Har Ghar Jal Certificate,Total Households,Total Tap Connections
Aggampur,Agampur Excluding Gra,Anandpur Sahib,Rupnagar,Punjab,7723,1100,0,6623,4,Yes,Har ghar jal certified,Certificate by public health engineering department,1238,1238
Sahota,Agampur Excluding Gra,Anandpur Sahib,Rupnagar,Punjab,546,82,0,464,1,Yes,Har ghar jal certified,Certificate by public health engineering department,93,93
Algran,Ahlgaran,Anandpur Sahib,Rupnagar,Punjab,450,56,0,394,1,Yes,Har ghar jal certified,Certificate by public health engineering department,140,140
Ajouli,Ajauli,Anandpur Sahib,Rupnagar,Punjab,1025,128,0,897,1,Yes,Har ghar jal certified,Certificate by public health engineering department,540,540
Baddal,Baddal,Anandpur Sahib,Rupnagar,Punjab,527,232,0,295,2,Yes,Har ghar jal certified,Certificate by public health engineering department,167,167
Bainspur,Bainspur,Anandpur Sahib,Rupnagar,Punjab,215,27,0,188,1,Yes,Har ghar jal certified,Certificate by public health engineering department,43,43
Baloli,Baloli,Anandpur Sahib,Rupnagar,Punjab,1178,88,0,1090,3,Yes,Har ghar jal certified,Certificate by public health engineering department,230,230
Bandhlehri,Bandlehri,Anandpur Sahib,Rupnagar,Punjab,594,74,0,520,1,Yes,Har ghar jal certified,Certificate by public health engineering department,126,126
Palsari,Bandlehri,Anandpur Sahib,Rupnagar,Punjab,25,3,0,22,1,Yes,Har ghar jal certified,Certificate by public health engineering department,15,15
Bani,Bani,Anandpur Sahib,Rupnagar,Punjab,587,293,0,294,1,Yes,Har ghar jal certified,Certificate by public health engineering department,161,161
Baruwal,Baruwal,Anandpur Sahib,Rupnagar,Punjab,851,21,0,830,2,Yes,Har ghar jal certified,Certificate by public health engineering department,146,146
BABHOUR SAHIB,Bas,Anandpur Sahib,Rupnagar,Punjab,3178,842,0,2336,5,Yes,Har ghar jal certified,Certificate by public health engineering department,702,702
Bassowal,BASSOWAL,Anandpur Sahib,Rupnagar,Punjab,1665,208,0,1457,1,Yes,Har ghar jal certified,Certificate by public health engineering department,333,333
DHOLOWAL,BASSOWAL,Anandpur Sahib,Rupnagar,Punjab,116,14,0,102,1,Yes,Har ghar jal certified,Certificate by public health engineering department,30,30
BEHLU,BEHLU,Anandpur Sahib,Rupnagar,Punjab,1712,162,0,1550,4,Yes,Har ghar jal certified,Certificate by public health engineering department,350,350
Bela Dhiani,Bela Dhiani,Anandpur Sahib,Rupnagar,Punjab,1105,138,0,967,2,Yes,Har ghar jal certified,Certificate by public health engineering department,282,282
Bela Ramgarh,Bela Ramgarh,Anandpur Sahib,Rupnagar,Punjab,1425,178,0,1247,4,Yes,Har ghar jal certified,Certificate by public health engineering department,285,285
BABHOUR SAHIB,Bhabour Sahib,Anandpur Sahib,Rupnagar,Punjab,3178,842,0,2336,5,Yes,Har ghar jal certified,Certificate by public health engineering department,702,702
Bhallan,Bhalan,Anandpur Sahib,Rupnagar,Punjab,4185,712,0,3473,4,Yes,Har ghar jal certified,Certificate by public health engineering department,842,842
Bhalowal,Bhalowal 290,Anandpur Sahib,Rupnagar,Punjab,75,9,0,66,1,Yes,Har ghar jal certified,Certificate by public health engineering department,55,55
Bhalari,Bhalri,Anandpur Sahib,Rupnagar,Punjab,5084,296,0,4788,2,Yes,Har ghar jal certified,Certificate by public health engineering department,1120,1120
Bhanam,Bhanam,Anandpur Sahib,Rupnagar,Punjab,2275,284,0,1991,2,Yes,Har ghar jal certified,Certificate by public health engineering department,579,579
Bhanupali,Bhanupali,Anandpur Sahib,Rupnagar,Punjab,932,117,0,815,2,Yes,Har ghar jal certified,Certificate by public health engineering department,309,309
Bhatton,Bhatton,Anandpur Sahib,Rupnagar,Punjab,720,90,0,630,1,Yes,Har ghar jal certified,Certificate by public health engineering department,139,139
Bhikhapur,Bhikhapur,Anandpur Sahib,Rupnagar,Punjab,421,53,0,368,1,Yes,Har ghar jal certified,Certificate by public health engineering department,74,74
Bikapur,Bikapur,Anandpur Sahib,Rupnagar,Punjab,1228,489,0,739,3,Yes,Har ghar jal certified,Certificate by public health engineering department,207,207
Brahmpur Upper,Brahampur Uperla,Anandpur Sahib,Rupnagar,Punjab,1843,230,0,1613,2,Yes,Har ghar jal certified,Certificate by public health engineering department,914,914
Chak,Chak,Anandpur Sahib,Rupnagar,Punjab,700,50,0,650,1,Yes,Har ghar jal certified,Certificate by public health engineering department,88,88
Chandesar,Chandesar,Anandpur Sahib,Rupnagar,Punjab,1014,158,0,856,1,Yes,Har ghar jal certified,Certificate by public health engineering department,151,151
Chandpur,Chandpur,Anandpur Sahib,Rupnagar,Punjab,1430,62,0,1368,1,Yes,Har ghar jal certified,Certificate by public health engineering department,230,230
Chhutewal,Chhutewal,Anandpur Sahib,Rupnagar,Punjab,1214,162,0,1052,3,Yes,Har ghar jal certified,Certificate by public health engineering department,251,251
Chikna,Chikna,Anandpur Sahib,Rupnagar,Punjab,1090,81,0,1009,1,Yes,Har ghar jal certified,Certificate by public health engineering department,190,190
Dobheta,Dabhetta,Anandpur Sahib,Rupnagar,Punjab,2495,312,0,2183,2,Yes,Har ghar jal certified,Certificate by public health engineering department,530,530
Dab Khera,Dabkhera,Anandpur Sahib,Rupnagar,Punjab,1219,152,0,1067,2,Yes,Har ghar jal certified,Certificate by public health engineering department,279,279
Dabour,Dabur,Anandpur Sahib,Rupnagar,Punjab,1500,275,0,1225,3,Yes,Har ghar jal certified,Certificate by public health engineering department,260,260
Daghaur,Daghaur,Anandpur Sahib,Rupnagar,Punjab,1310,420,0,890,1,Yes,Har ghar jal certified,Certificate by public health engineering department,280,280
Darauli Upper,Daroli,Anandpur Sahib,Rupnagar,Punjab,4443,649,0,3794,3,Yes,Har ghar jal certified,Certificate by public health engineering department,1218,1218
Dasgran,Dasgran,Anandpur Sahib,Rupnagar,Punjab,1128,141,0,987,3,Yes,Har ghar jal certified,Certificate by public health engineering department,230,230
Dolowal,Daulowal,Anandpur Sahib,Rupnagar,Punjab,317,62,0,255,4,Yes,Har ghar jal certified,Certificate by public health engineering department,67,67
Dayapur,Dayapur,Anandpur Sahib,Rupnagar,Punjab,581,73,0,508,1,Yes,Har ghar jal certified,Certificate by public health engineering department,102,102
Dehni,Dehni,Anandpur Sahib,Rupnagar,Punjab,1253,220,0,1033,2,Yes,Har ghar jal certified,Certificate by public health engineering department,231,231
BARARI,DHARUH,Anandpur Sahib,Rupnagar,Punjab,105,9,0,96,1,Yes,Har ghar jal certified,Certificate by public health engineering department,31,31
Dharoh,DHARUH,Anandpur Sahib,Rupnagar,Punjab,225,28,0,197,1,Yes,Har ghar jal certified,Certificate by public health engineering department,45,45
Dher,Dher,Anandpur Sahib,Rupnagar,Punjab,2840,355,0,2485,1,Yes,Har ghar jal certified,Certificate by public health engineering department,568,568
Dukli,Duhkli,Anandpur Sahib,Rupnagar,Punjab,888,111,0,777,1,Yes,Har ghar jal certified,Certificate by public health engineering department,178,178
Donal,Dunal,Anandpur Sahib,Rupnagar,Punjab,938,118,0,820,2,Yes,Har ghar jal certified,Certificate by public health engineering department,182,182
Gajpur,Gajpur,Anandpur Sahib,Rupnagar,Punjab,1260,140,0,1120,2,Yes,Har ghar jal certified,Certificate by public health engineering department,255,255
GAMBHIRPUR,GAMBHIRPUR,Anandpur Sahib,Rupnagar,Punjab,2992,308,0,2684,3,Yes,Har ghar jal certified,Certificate by public health engineering department,577,577
Ganguwal,Ganguwal,Anandpur Sahib,Rupnagar,Punjab,1528,314,0,1214,1,Yes,Har ghar jal certified,Certificate by public health engineering department,235,235
Paili Khurd,Ganguwal,Anandpur Sahib,Rupnagar,Punjab,167,40,0,127,1,Yes,Har ghar jal certified,Certificate by public health engineering department,30,30
PAILI KHURD,Ganguwal,Anandpur Sahib,Rupnagar,Punjab,111,13,0,98,1,Yes,Har ghar jal certified,Certificate by public health engineering department,31,31
Ghanour,Ghanaru,Anandpur Sahib,Rupnagar,Punjab,143,22,0,121,1,Yes,Har ghar jal certified,Certificate by public health engineering department,32,32
Gohlni,Gohlni,Anandpur Sahib,Rupnagar,Punjab,920,115,0,805,2,Yes,Har ghar jal certified,Certificate by public health engineering department,481,481
Hazipur,Hajipur,Anandpur Sahib,Rupnagar,Punjab,1070,285,0,785,2,Yes,Har ghar jal certified,Certificate by public health engineering department,211,211
Humbewal,Hambewal,Anandpur Sahib,Rupnagar,Punjab,1681,500,0,1181,2,Yes,Har ghar jal certified,Certificate by public health engineering department,354,354
Harshabela,Harsa Bela,Anandpur Sahib,Rupnagar,Punjab,1825,541,0,1284,2,Yes,Har ghar jal certified,Certificate by public health engineering department,205,205
Jandla Lower,Jandla,Anandpur Sahib,Rupnagar,Punjab,987,123,0,864,3,Yes,Har ghar jal certified,Certificate by public health engineering department,197,197
Jhinjri,Jhinjri,Anandpur Sahib,Rupnagar,Punjab,1306,388,0,918,4,Yes,Har ghar jal certified,Certificate by public health engineering department,226,226
Jindwari,Jindwari,Anandpur Sahib,Rupnagar,Punjab,2425,304,0,2121,4,Yes,Har ghar jal certified,Certificate by public health engineering department,883,883
Jol,Jol,Anandpur Sahib,Rupnagar,Punjab,115,14,0,101,2,Yes,Har ghar jal certified,Certificate by public health engineering department,23,23
Kalitran,Kalitran,Anandpur Sahib,Rupnagar,Punjab,1501,188,0,1313,1,Yes,Har ghar jal certified,Certificate by public health engineering department,338,338
Kalota,Kalota,Anandpur Sahib,Rupnagar,Punjab,295,14,0,281,1,Yes,Har ghar jal certified,Certificate by public health engineering department,63,63
Kalsera,Kalsera,Anandpur Sahib,Rupnagar,Punjab,2275,284,0,1991,1,Yes,Har ghar jal certified,Certificate by public health engineering department,398,398
Khamera,Khamera,Anandpur Sahib,Rupnagar,Punjab,2149,191,0,1958,1,Yes,Har ghar jal certified,Certificate by public health engineering department,365,365
Khanpur,Khanpur,Anandpur Sahib,Rupnagar,Punjab,182,23,0,159,1,Yes,Har ghar jal certified,Certificate by public health engineering department,40,40
Kherabagh,Khera Bag,Anandpur Sahib,Rupnagar,Punjab,295,37,0,258,1,Yes,Har ghar jal certified,Certificate by public health engineering department,80,80
Kotla,Kotla,Anandpur Sahib,Rupnagar,Punjab,3851,480,0,3371,4,Yes,Har ghar jal certified,Certificate by public health engineering department,620,620
Kulgran,Kulgran,Anandpur Sahib,Rupnagar,Punjab,875,109,0,766,1,Yes,Har ghar jal certified,Certificate by public health engineering department,165,165
Dhanera,Lakher,Anandpur Sahib,Rupnagar,Punjab,135,19,0,116,1,Yes,Har ghar jal certified,Certificate by public health engineering department,24,24
Lakher,Lakher,Anandpur Sahib,Rupnagar,Punjab,752,20,0,732,1,Yes,Har ghar jal certified,Certificate by public health engineering department,125,125
Lamlehri,Lamlehari,Anandpur Sahib,Rupnagar,Punjab,610,170,0,440,1,Yes,Har ghar jal certified,Certificate by public health engineering department,85,85
Lang Majari,Lang Majari,Anandpur Sahib,Rupnagar,Punjab,572,32,0,540,1,Yes,Har ghar jal certified,Certificate by public health engineering department,97,97
Lodhipur,Lodhipur,Anandpur Sahib,Rupnagar,Punjab,2100,350,0,1750,1,Yes,Har ghar jal certified,Certificate by public health engineering department,430,430
Mahain,Mahain,Anandpur Sahib,Rupnagar,Punjab,1630,380,0,1250,1,Yes,Har ghar jal certified,Certificate by public health engineering department,220,220
Majara,Majara,Anandpur Sahib,Rupnagar,Punjab,640,156,0,484,1,Yes,Har ghar jal certified,Certificate by public health engineering department,82,82
Majari,Majari,Anandpur Sahib,Rupnagar,Punjab,590,74,0,516,1,Yes,Har ghar jal certified,Certificate by public health engineering department,115,115
Majher,Majher,Anandpur Sahib,Rupnagar,Punjab,890,320,0,570,1,Yes,Har ghar jal certified,Certificate by public health engineering department,135,135
Manakpur,Manakpur,Anandpur Sahib,Rupnagar,Punjab,1256,157,0,1099,1,Yes,Har ghar jal certified,Certificate by public health engineering department,251,251
MANGEWAL,MANGEWAL,Anandpur Sahib,Rupnagar,Punjab,1600,175,0,1425,3,Yes,Har ghar jal certified,Certificate by public health engineering department,253,253
Massewal,Massewal,Anandpur Sahib,Rupnagar,Punjab,730,80,0,650,1,Yes,Har ghar jal certified,Certificate by public health engineering department,150,150
BALOWAL,Mataur,Anandpur Sahib,Rupnagar,Punjab,53,42,0,11,1,Yes,Har ghar jal certified,Certificate by public health engineering department,10,10
Buraj,Mataur,Anandpur Sahib,Rupnagar,Punjab,242,0,0,242,1,Yes,Har ghar jal certified,Certificate by public health engineering department,44,44
Matour,Mataur,Anandpur Sahib,Rupnagar,Punjab,121,0,0,121,1,Yes,Har ghar jal certified,Certificate by public health engineering department,22,22
Mojowal,Maujowal,Anandpur Sahib,Rupnagar,Punjab,565,71,0,494,2,Yes,Har ghar jal certified,Certificate by public health engineering department,215,215
Chamrauli,Maura,Anandpur Sahib,Rupnagar,Punjab,95,80,0,15,1,Yes,Har ghar jal certified,Certificate by public health engineering department,15,15
Moura,Maura,Anandpur Sahib,Rupnagar,Punjab,839,287,0,552,1,Yes,Har ghar jal certified,Certificate by public health engineering department,135,135
Mindwan,Meendwan,Anandpur Sahib,Rupnagar,Punjab,2128,257,0,1871,3,Yes,Har ghar jal certified,Certificate by public health engineering department,345,345
Meghpur,Meghpur,Anandpur Sahib,Rupnagar,Punjab,1025,151,0,874,2,Yes,Har ghar jal certified,Certificate by public health engineering department,137,137
Mehandli Khurd,Mehindli Khurd,Anandpur Sahib,Rupnagar,Punjab,544,109,0,435,1,Yes,Har ghar jal certified,Certificate by public health engineering department,99,99
Mehlwan,Mehlwan,Anandpur Sahib,Rupnagar,Punjab,1095,137,0,958,1,Yes,Har ghar jal certified,Certificate by public health engineering department,220,220
Mehandli Kalan,Mehndli Kalan,Anandpur Sahib,Rupnagar,Punjab,1208,227,0,981,2,Yes,Har ghar jal certified,Certificate by public health engineering department,271,271
Mehroli,Mehroli,Anandpur Sahib,Rupnagar,Punjab,1435,172,0,1263,1,Yes,Har ghar jal certified,Certificate by public health engineering department,149,149
Mianpur,Mianpur,Anandpur Sahib,Rupnagar,Punjab,388,32,0,356,1,Yes,Har ghar jal certified,Certificate by public health engineering department,70,70
Mohiwal,Mohiwal,Anandpur Sahib,Rupnagar,Punjab,480,60,0,420,1,Yes,Har ghar jal certified,Certificate by public health engineering department,100,100
Nangal Nikku,Nangal Nikku,Anandpur Sahib,Rupnagar,Punjab,3400,425,0,2975,2,Yes,Har ghar jal certified,Certificate by public health engineering department,731,731
Nangli,Nangli,Anandpur Sahib,Rupnagar,Punjab,1674,246,0,1428,3,Yes,Har ghar jal certified,Certificate by public health engineering department,411,411
NANGRAN,NANGRAN,Anandpur Sahib,Rupnagar,Punjab,47,7,0,40,2,Yes,Har ghar jal certified,Certificate by public health engineering department,17,17
Nanowal,Nanowal,Anandpur Sahib,Rupnagar,Punjab,556,133,0,423,1,Yes,Har ghar jal certified,Certificate by public health engineering department,80,80
Nard,Narad,Anandpur Sahib,Rupnagar,Punjab,395,35,0,360,1,Yes,Har ghar jal certified,Certificate by public health engineering department,75,75
Paharpur,Paharpur,Anandpur Sahib,Rupnagar,Punjab,901,521,0,380,1,Yes,Har ghar jal certified,Certificate by public health engineering department,220,220
Passiwal,Passiwal,Anandpur Sahib,Rupnagar,Punjab,1271,308,0,963,2,Yes,Har ghar jal certified,Certificate by public health engineering department,254,254
PATTI,PATTI,Anandpur Sahib,Rupnagar,Punjab,1917,307,0,1610,3,Yes,Har ghar jal certified,Certificate by public health engineering department,393,393
Harshabela,Patti Dulchi,Anandpur Sahib,Rupnagar,Punjab,1825,541,0,1284,2,Yes,Har ghar jal certified,Certificate by public health engineering department,205,205
Plassi,Plassi,Anandpur Sahib,Rupnagar,Punjab,2237,289,0,1948,5,Yes,Har ghar jal certified,Certificate by public health engineering department,253,253
Raipur,Raipur,Anandpur Sahib,Rupnagar,Punjab,888,111,0,777,1,Yes,Har ghar jal certified,Certificate by public health engineering department,178,178
Raipur Sahni,Raipur Sahni,Anandpur Sahib,Rupnagar,Punjab,887,106,0,781,1,Yes,Har ghar jal certified,Certificate by public health engineering department,170,170
Bachouli,Rampur,Anandpur Sahib,Rupnagar,Punjab,80,14,0,66,1,Yes,Har ghar jal certified,Certificate by public health engineering department,20,20
Jhajar,Rampur,Anandpur Sahib,Rupnagar,Punjab,872,240,0,632,1,Yes,Har ghar jal certified,Certificate by public health engineering department,88,88
Rampur,Rampur,Anandpur Sahib,Rupnagar,Punjab,482,19,0,463,1,Yes,Har ghar jal certified,Certificate by public health engineering department,87,87
Sadhewal,Sadhewal,Anandpur Sahib,Rupnagar,Punjab,1410,249,0,1161,1,Yes,Har ghar jal certified,Certificate by public health engineering department,226,226
Sansowal,Sainsowal,Anandpur Sahib,Rupnagar,Punjab,260,0,0,260,1,Yes,Har ghar jal certified,Certificate by public health engineering department,98,98
Sajmour,Sajmaur,Anandpur Sahib,Rupnagar,Punjab,1460,384,0,1076,3,Yes,Har ghar jal certified,Certificate by public health engineering department,290,290
Samlah,Samlah,Anandpur Sahib,Rupnagar,Punjab,4442,457,0,3985,3,Yes,Har ghar jal certified,Certificate by public health engineering department,493,493
Sangatpur,Sangatpur,Anandpur Sahib,Rupnagar,Punjab,905,106,0,799,2,Yes,Har ghar jal certified,Certificate by public health engineering department,181,181
Swamipur,Sawamipur,Anandpur Sahib,Rupnagar,Punjab,965,199,0,766,3,Yes,Har ghar jal certified,Certificate by public health engineering department,235,235
Sehjowal,Sehjowal,Anandpur Sahib,Rupnagar,Punjab,1875,234,0,1641,1,Yes,Har ghar jal certified,Certificate by public health engineering department,375,375
Sukhsal,Sukhsal,Anandpur Sahib,Rupnagar,Punjab,2200,5,0,2195,1,Yes,Har ghar jal certified,Certificate by public health engineering department,431,431
Surewal,Surewal(251),Anandpur Sahib,Rupnagar,Punjab,560,77,0,483,2,Yes,Har ghar jal certified,Certificate by public health engineering department,118,118
Surewal-ii,Surewal-2,Anandpur Sahib,Rupnagar,Punjab,1619,266,0,1353,3,Yes,Har ghar jal certified,Certificate by public health engineering department,262,262
Swara,Swara,Anandpur Sahib,Rupnagar,Punjab,541,68,0,473,1,Yes,Har ghar jal certified,Certificate by public health engineering department,90,90
Talwara,Talwara,Anandpur Sahib,Rupnagar,Punjab,1376,172,0,1204,2,Yes,Har ghar jal certified,Certificate by public health engineering department,275,275
Tapprian Bass,Taprian,Anandpur Sahib,Rupnagar,Punjab,1170,340,0,830,1,Yes,Har ghar jal certified,Certificate by public health engineering department,222,222
Tarapur,Tarapur,Anandpur Sahib,Rupnagar,Punjab,710,120,0,590,2,Yes,Har ghar jal certified,Certificate by public health engineering department,152,152
Thaluh,Thaluh,Anandpur Sahib,Rupnagar,Punjab,1331,219,0,1112,2,Yes,Har ghar jal certified,Certificate by public health engineering department,264,264
Thapal,Thapal,Anandpur Sahib,Rupnagar,Punjab,385,124,0,261,1,Yes,Har ghar jal certified,Certificate by public health engineering department,71,71
Assarpur,Asarpur,Chamkaur Sahib,Rupnagar,Punjab,339,180,0,159,1,Yes,Har ghar jal certified,Certificate by public health engineering department,68,68
Khizarpur,Asarpur,Chamkaur Sahib,Rupnagar,Punjab,149,9,0,140,1,Yes,Har ghar jal certified,Certificate by public health engineering department,28,28
Attari,Attari,Chamkaur Sahib,Rupnagar,Punjab,441,175,0,266,1,Yes,Har ghar jal certified,Certificate by public health engineering department,85,85
Balrampur,Balrampur,Chamkaur Sahib,Rupnagar,Punjab,776,366,0,410,1,Yes,Har ghar jal certified,Certificate by public health engineering department,142,142
Bara Daudpur,Bara Daudpur,Chamkaur Sahib,Rupnagar,Punjab,363,249,0,114,1,Yes,Har ghar jal certified,Certificate by public health engineering department,75,75
Bara Makrauna,Bara Makrauna,Chamkaur Sahib,Rupnagar,Punjab,1167,284,0,883,1,Yes,Har ghar jal certified,Certificate by public health engineering department,225,225
Bara Surtapur,Bara Surtapur,Chamkaur Sahib,Rupnagar,Punjab,530,389,0,141,1,Yes,Har ghar jal certified,Certificate by public health engineering department,115,115
Chhota Surtapur,Bara Surtapur,Chamkaur Sahib,Rupnagar,Punjab,386,301,0,85,1,Yes,Har ghar jal certified,Certificate by public health engineering department,75,75
Barsalpur,Barsalpur,Chamkaur Sahib,Rupnagar,Punjab,2106,971,0,1135,1,Yes,Har ghar jal certified,Certificate by public health engineering department,99,99
Bassi Gujjran,Bassi Gujjran,Chamkaur Sahib,Rupnagar,Punjab,1798,750,0,1048,1,Yes,Har ghar jal certified,Certificate by public health engineering department,340,340
Behrampur Bet,Behrampur Bet,Chamkaur Sahib,Rupnagar,Punjab,2129,407,0,1722,1,Yes,Har ghar jal certified,Certificate by public health engineering department,145,145
Bela,Bela,Chamkaur Sahib,Rupnagar,Punjab,2243,657,0,1586,1,Yes,Har ghar jal certified,Certificate by public health engineering department,411,411
Bhairon Majra,Bhairon Majra,Chamkaur Sahib,Rupnagar,Punjab,1082,371,0,711,1,Yes,Har ghar jal certified,Certificate by public health engineering department,130,130
Fatehgarh Tapprian,Bhairon Majra,Chamkaur Sahib,Rupnagar,Punjab,78,0,0,78,1,Yes,Har ghar jal certified,Certificate by public health engineering department,16,16
Bhallian,Bhaliyan,Chamkaur Sahib,Rupnagar,Punjab,1267,349,0,918,1,Yes,Har ghar jal certified,Certificate by public health engineering department,235,235
Bhaowal,Bhaowal,Chamkaur Sahib,Rupnagar,Punjab,183,165,0,18,1,Yes,Har ghar jal certified,Certificate by public health engineering department,36,36
Saidpur,Bhaowal,Chamkaur Sahib,Rupnagar,Punjab,476,49,0,427,1,Yes,Har ghar jal certified,Certificate by public health engineering department,77,77
Bhoje Majra,Bhoje Majra,Chamkaur Sahib,Rupnagar,Punjab,1092,310,0,782,1,Yes,Har ghar jal certified,Certificate by public health engineering department,206,206
Bhurare,Bhurre,Chamkaur Sahib,Rupnagar,Punjab,1480,555,0,925,1,Yes,Har ghar jal certified,Certificate by public health engineering department,258,258
Chak Lahori,Chak Lahori,Chamkaur Sahib,Rupnagar,Punjab,41,0,0,41,1,Yes,Har ghar jal certified,Certificate by public health engineering department,8,8
Chhota Daudpur,Chhota Daudpur,Chamkaur Sahib,Rupnagar,Punjab,248,226,0,22,1,Yes,Har ghar jal certified,Certificate by public health engineering department,56,56
Malewal,Chhota Daudpur,Chamkaur Sahib,Rupnagar,Punjab,203,104,0,99,1,Yes,Har ghar jal certified,Certificate by public health engineering department,45,45
Malewal,Chhota Daudpur,Chamkaur Sahib,Rupnagar,Punjab,167,89,0,78,1,Yes,Har ghar jal certified,Certificate by public health engineering department,50,50
Chhota Gadhram,Chhota Gadhram,Chamkaur Sahib,Rupnagar,Punjab,445,280,0,165,1,Yes,Har ghar jal certified,Certificate by public health engineering department,95,95
Chuhar Majra,Chuhar Majra,Chamkaur Sahib,Rupnagar,Punjab,1426,376,0,1050,1,Yes,Har ghar jal certified,Certificate by public health engineering department,260,260
Dhalla,Dalla,Chamkaur Sahib,Rupnagar,Punjab,851,177,0,674,1,Yes,Har ghar jal certified,Certificate by public health engineering department,145,145
DEHAR,DEHAR,Chamkaur Sahib,Rupnagar,Punjab,1140,580,0,560,1,Yes,Har ghar jal certified,Certificate by public health engineering department,230,230
Dhaulran,Dhaulran,Chamkaur Sahib,Rupnagar,Punjab,554,297,0,257,1,Yes,Har ghar jal certified,Certificate by public health engineering department,85,85
Dhumewal,Dhumewal,Chamkaur Sahib,Rupnagar,Punjab,522,520,0,2,1,Yes,Har ghar jal certified,Certificate by public health engineering department,100,100
Dugri,Dugri,Chamkaur Sahib,Rupnagar,Punjab,1011,496,0,515,1,Yes,Har ghar jal certified,Certificate by public health engineering department,186,186
Farid,Farid,Chamkaur Sahib,Rupnagar,Punjab,211,183,0,28,1,Yes,Har ghar jal certified,Certificate by public health engineering department,45,45
Bir Guru,Fatehpur,Chamkaur Sahib,Rupnagar,Punjab,27,0,0,27,1,Yes,Har ghar jal certified,Certificate by public health engineering department,5,5
Fatehpur Bet,Fatehpur,Chamkaur Sahib,Rupnagar,Punjab,545,455,0,90,1,Yes,Har ghar jal certified,Certificate by public health engineering department,155,155
Ferozepur,Ferozepur,Chamkaur Sahib,Rupnagar,Punjab,1376,194,0,1182,1,Yes,Har ghar jal certified,Certificate by public health engineering department,266,266
Lakhewal,Ferozepur,Chamkaur Sahib,Rupnagar,Punjab,45,45,0,0,1,Yes,Har ghar jal certified,Certificate by public health engineering department,9,9
Gadhram Kalan,Gadhram Bada,Chamkaur Sahib,Rupnagar,Punjab,278,68,0,210,1,Yes,Har ghar jal certified,Certificate by public health engineering department,44,44
Gaggon,Gaggon,Chamkaur Sahib,Rupnagar,Punjab,650,373,0,277,1,Yes,Har ghar jal certified,Certificate by public health engineering department,56,56
Garhi,Garhi,Chamkaur Sahib,Rupnagar,Punjab,577,323,0,254,1,Yes,Har ghar jal certified,Certificate by public health engineering department,108,108
Gobindpur Alias Dhespur,Gobindpur Alias Dhespura,Chamkaur Sahib,Rupnagar,Punjab,373,135,0,238,1,Yes,Har ghar jal certified,Certificate by public health engineering department,67,67
Hafizabad,Hafizabad,Chamkaur Sahib,Rupnagar,Punjab,1366,271,0,1095,1,Yes,Har ghar jal certified,Certificate by public health engineering department,229,229
Jagatpur,Jagatpur,Chamkaur Sahib,Rupnagar,Punjab,567,316,0,251,1,Yes,Har ghar jal certified,Certificate by public health engineering department,110,110
Jassran,Jasaran,Chamkaur Sahib,Rupnagar,Punjab,284,176,0,108,1,Yes,Har ghar jal certified,Certificate by public health engineering department,48,48
Jatana,Jatana,Chamkaur Sahib,Rupnagar,Punjab,1182,224,0,958,1,Yes,Har ghar jal certified,Certificate by public health engineering department,235,235
Ghurkewal,Jindapur,Chamkaur Sahib,Rupnagar,Punjab,367,356,0,11,1,Yes,Har ghar jal certified,Certificate by public health engineering department,73,73
Gobindgarh Kulchian,Jindapur,Chamkaur Sahib,Rupnagar,Punjab,5,0,0,5,1,Yes,Har ghar jal certified,Certificate by public health engineering department,1,1
JINDAPUR,Jindapur,Chamkaur Sahib,Rupnagar,Punjab,417,179,0,238,1,Yes,Har ghar jal certified,Certificate by public health engineering department,62,62
TAPPRIAN RASHIDPUR,Jindapur,Chamkaur Sahib,Rupnagar,Punjab,78,0,0,78,1,Yes,Har ghar jal certified,Certificate by public health engineering department,15,15
Kahanpur,Kahanpur,Chamkaur Sahib,Rupnagar,Punjab,349,4,0,345,1,Yes,Har ghar jal certified,Certificate by public health engineering department,68,68
Kishanpura,Kahanpur,Chamkaur Sahib,Rupnagar,Punjab,34,0,0,34,1,Yes,Har ghar jal certified,Certificate by public health engineering department,5,5
Chak Amar Singh,Kandhola,Chamkaur Sahib,Rupnagar,Punjab,21,0,0,21,1,Yes,Har ghar jal certified,Certificate by public health engineering department,5,5
Haron,Kandhola,Chamkaur Sahib,Rupnagar,Punjab,207,66,0,141,1,Yes,Har ghar jal certified,Certificate by public health engineering department,24,24
Kandhola,Kandhola,Chamkaur Sahib,Rupnagar,Punjab,836,343,0,493,1,Yes,Har ghar jal certified,Certificate by public health engineering department,93,93
Katlour,Katlaur,Chamkaur Sahib,Rupnagar,Punjab,740,238,0,502,1,Yes,Har ghar jal certified,Certificate by public health engineering department,110,110
Khanpur,Khanpur,Chamkaur Sahib,Rupnagar,Punjab,739,35,0,704,1,Yes,Har ghar jal certified,Certificate by public health engineering department,150,150
Khokhar,Khokhar,Chamkaur Sahib,Rupnagar,Punjab,1310,190,0,1120,1,Yes,Har ghar jal certified,Certificate by public health engineering department,290,290
Khera,Kiri Afgana,Chamkaur Sahib,Rupnagar,Punjab,36,16,0,20,1,Yes,Har ghar jal certified,Certificate by public health engineering department,9,9
Kiri Afghana,Kiri Afgana,Chamkaur Sahib,Rupnagar,Punjab,1095,400,0,695,1,Yes,Har ghar jal certified,Certificate by public health engineering department,143,143
Kotla Ranewal,Kiri Afgana,Chamkaur Sahib,Rupnagar,Punjab,130,78,0,52,1,Yes,Har ghar jal certified,Certificate by public health engineering department,25,25
Kotla Sarmukh Singh,Kotla Surmukh Singh,Chamkaur Sahib,Rupnagar,Punjab,489,214,0,275,1,Yes,Har ghar jal certified,Certificate by public health engineering department,95,95
Kotli,Kotli,Chamkaur Sahib,Rupnagar,Punjab,667,363,0,304,1,Yes,Har ghar jal certified,Certificate by public health engineering department,126,126
Bama,Kulian,Chamkaur Sahib,Rupnagar,Punjab,308,0,0,308,1,Yes,Har ghar jal certified,Certificate by public health engineering department,55,55
Kullian,Kulian,Chamkaur Sahib,Rupnagar,Punjab,345,222,0,123,1,Yes,Har ghar jal certified,Certificate by public health engineering department,63,63
Makowal,Makowal,Chamkaur Sahib,Rupnagar,Punjab,1462,832,0,630,2,Yes,Har ghar jal certified,Certificate by public health engineering department,255,255
Makrauna Khurd,Makrauna Khurd,Chamkaur Sahib,Rupnagar,Punjab,1145,561,0,584,1,Yes,Har ghar jal certified,Certificate by public health engineering department,212,212
Manjitpura,Manjitpura Urf Chamar Majra,Chamkaur Sahib,Rupnagar,Punjab,419,419,0,0,1,Yes,Har ghar jal certified,Certificate by public health engineering department,80,80
Muajudinpur,Maujudinpur,Chamkaur Sahib,Rupnagar,Punjab,405,245,0,160,1,Yes,Har ghar jal certified,Certificate by public health engineering department,85,85
Muzafat,Mazafat,Chamkaur Sahib,Rupnagar,Punjab,440,7,0,433,1,Yes,Har ghar jal certified,Certificate by public health engineering department,92,92
Mehtot,Mehtot,Chamkaur Sahib,Rupnagar,Punjab,1202,518,0,684,1,Yes,Har ghar jal certified,Certificate by public health engineering department,186,186
Mohan Majra,Mohan Majra,Chamkaur Sahib,Rupnagar,Punjab,626,368,0,258,1,Yes,Har ghar jal certified,Certificate by public health engineering department,131,131
Muqrabpur,Mukarabpur,Chamkaur Sahib,Rupnagar,Punjab,239,124,0,115,1,Yes,Har ghar jal certified,Certificate by public health engineering department,40,40
Mundian,Mundian,Chamkaur Sahib,Rupnagar,Punjab,1323,671,0,652,1,Yes,Har ghar jal certified,Certificate by public health engineering department,280,280
Fatehgarh Viran,PHASSE,Chamkaur Sahib,Rupnagar,Punjab,180,0,0,180,1,Yes,Har ghar jal certified,Certificate by public health engineering department,43,43
Phasse,PHASSE,Chamkaur Sahib,Rupnagar,Punjab,240,150,0,90,1,Yes,Har ghar jal certified,Certificate by public health engineering department,45,45
Pipal Majra,Pippal Majra,Chamkaur Sahib,Rupnagar,Punjab,1082,633,0,449,1,Yes,Har ghar jal certified,Certificate by public health engineering department,175,175
Rampur,Rampur,Chamkaur Sahib,Rupnagar,Punjab,740,206,0,534,1,Yes,Har ghar jal certified,Certificate by public health engineering department,144,144
Rampur Bet,Rampur Bet,Chamkaur Sahib,Rupnagar,Punjab,208,52,0,156,1,Yes,Har ghar jal certified,Certificate by public health engineering department,32,32
Rashidpur,Rashidpur,Chamkaur Sahib,Rupnagar,Punjab,1115,590,0,525,1,Yes,Har ghar jal certified,Certificate by public health engineering department,207,207
Rolu Majra,Raulu Majra,Chamkaur Sahib,Rupnagar,Punjab,1376,486,0,890,1,Yes,Har ghar jal certified,Certificate by public health engineering department,228,228
Rakoli Mangarh,Rukali Mangarh,Chamkaur Sahib,Rupnagar,Punjab,712,239,0,473,1,Yes,Har ghar jal certified,Certificate by public health engineering department,76,76
Rurki Hiran,Rurki Heeran,Chamkaur Sahib,Rupnagar,Punjab,1629,494,0,1135,1,Yes,Har ghar jal certified,Certificate by public health engineering department,296,296
SAIDPUR,SAIDPUR,Chamkaur Sahib,Rupnagar,Punjab,442,45,0,397,1,Yes,Har ghar jal certified,Certificate by public health engineering department,75,75
Salahpur,Salahpur,Chamkaur Sahib,Rupnagar,Punjab,479,46,0,433,1,Yes,Har ghar jal certified,Certificate by public health engineering department,100,100
Salempur,Salempur,Chamkaur Sahib,Rupnagar,Punjab,2610,992,0,1618,2,Yes,Har ghar jal certified,Certificate by public health engineering department,493,493
Sandhuan,Sandhuan,Chamkaur Sahib,Rupnagar,Punjab,1931,921,0,1010,1,Yes,Har ghar jal certified,Certificate by public health engineering department,318,318
Sarangpur,Sarangpur,Chamkaur Sahib,Rupnagar,Punjab,228,168,0,60,1,Yes,Har ghar jal certified,Certificate by public health engineering department,59,59
Shantpur,Shantpur,Chamkaur Sahib,Rupnagar,Punjab,712,330,0,382,1,Yes,Har ghar jal certified,Certificate by public health engineering department,133,133
Beli Attalgarh,Sheikhupur,Chamkaur Sahib,Rupnagar,Punjab,11,0,0,11,1,Yes,Har ghar jal certified,Certificate by public health engineering department,2,2
Karkhana Bela,Sheikhupur,Chamkaur Sahib,Rupnagar,Punjab,27,27,0,0,1,Yes,Har ghar jal certified,Certificate by public health engineering department,8,8
Sheikhupur,Sheikhupur,Chamkaur Sahib,Rupnagar,Punjab,570,220,0,350,1,Yes,Har ghar jal certified,Certificate by public health engineering department,105,105
Silo Mascow,Silo Mascow,Chamkaur Sahib,Rupnagar,Punjab,577,428,0,149,1,Yes,Har ghar jal certified,Certificate by public health engineering department,45,45
Panjpeda,Sultanpur,Chamkaur Sahib,Rupnagar,Punjab,142,115,0,27,1,Yes,Har ghar jal certified,Certificate by public health engineering department,27,27
Sultanpur,Sultanpur,Chamkaur Sahib,Rupnagar,Punjab,285,85,0,200,1,Yes,Har ghar jal certified,Certificate by public health engineering department,65,65
Talapur,Tala Pur,Chamkaur Sahib,Rupnagar,Punjab,543,64,0,479,1,Yes,Har ghar jal certified,Certificate by public health engineering department,108,108
Tapprian Amar Singh,Tapprian Amar Singh,Chamkaur Sahib,Rupnagar,Punjab,1148,57,0,1091,1,Yes,Har ghar jal certified,Certificate by public health engineering department,238,238
Chupki,Tapprian Gharishpur,Chamkaur Sahib,Rupnagar,Punjab,100,0,0,100,1,Yes,Har ghar jal certified,Certificate by public health engineering department,16,16
Khalilpur,Tapprian Gharishpur,Chamkaur Sahib,Rupnagar,Punjab,115,5,0,110,1,Yes,Har ghar jal certified,Certificate by public health engineering department,20,20
Ramgarh,Tapprian Gharishpur,Chamkaur Sahib,Rupnagar,Punjab,396,329,0,67,1,Yes,Har ghar jal certified,Certificate by public health engineering department,45,45
Ranga,Tapprian Gharishpur,Chamkaur Sahib,Rupnagar,Punjab,184,176,0,8,1,Yes,Har ghar jal certified,Certificate by public health engineering department,33,33
Rattanpur,Tapprian Gharishpur,Chamkaur Sahib,Rupnagar,Punjab,105,20,0,85,1,Yes,Har ghar jal certified,Certificate by public health engineering department,21,21
Tapprian Boothgarh,Tapprian Gharishpur,Chamkaur Sahib,Rupnagar,Punjab,6,0,0,6,1,Yes,Har ghar jal certified,Certificate by public health engineering department,2,2
Tapprian Ramgarh,Tapprian Gharishpur,Chamkaur Sahib,Rupnagar,Punjab,70,20,0,50,1,Yes,Har ghar jal certified,Certificate by public health engineering department,15,15
Taprian Gharispur,Tapprian Gharishpur,Chamkaur Sahib,Rupnagar,Punjab,426,354,0,72,1,Yes,Har ghar jal certified,Certificate by public health engineering department,71,71
Wazidpur,Wazidpur,Chamkaur Sahib,Rupnagar,Punjab,300,20,0,280,1,Yes,Har ghar jal certified,Certificate by public health engineering department,59,59
Amrali,Amrali,Morinda,Rupnagar,Punjab,1826,532,0,1294,1,Yes,Har ghar jal certified,Certificate by public health engineering department,425,425
Arnauli,Arnouli,Morinda,Rupnagar,Punjab,890,688,0,202,1,Yes,Har ghar jal certified,Certificate by public health engineering department,170,170
Badwali,Badwali,Morinda,Rupnagar,Punjab,1462,698,0,764,1,Yes,Har ghar jal certified,Certificate by public health engineering department,265,265
Ballan,Ballan,Morinda,Rupnagar,Punjab,472,237,0,235,1,Yes,Har ghar jal certified,Certificate by public health engineering department,108,108
Bamnara,Bamnara,Morinda,Rupnagar,Punjab,1240,690,0,550,1,Yes,Har ghar jal certified,Certificate by public health engineering department,238,238
Ban Majra,Ban Majra,Morinda,Rupnagar,Punjab,986,595,0,391,1,Yes,Har ghar jal certified,Certificate by public health engineering department,195,195
Matheri,Ban Majra,Morinda,Rupnagar,Punjab,264,0,0,264,1,Yes,Har ghar jal certified,Certificate by public health engineering department,49,49
Bangian,Bangian,Morinda,Rupnagar,Punjab,285,104,0,181,1,Yes,Har ghar jal certified,Certificate by public health engineering department,65,65
Behbalpur,Behbalpur,Morinda,Rupnagar,Punjab,566,256,0,310,1,Yes,Har ghar jal certified,Certificate by public health engineering department,115,115
Behdali,Behdali,Morinda,Rupnagar,Punjab,1157,282,0,875,1,Yes,Har ghar jal certified,Certificate by public health engineering department,208,208
Bhagowal,Bhagowal,Morinda,Rupnagar,Punjab,516,0,0,516,1,Yes,Har ghar jal certified,Certificate by public health engineering department,100,100
Boor Majra,Boor Majra,Morinda,Rupnagar,Punjab,2038,606,0,1432,2,Yes,Har ghar jal certified,Certificate by public health engineering department,461,461
Boothgarh,Boothgarh,Morinda,Rupnagar,Punjab,350,100,0,250,1,Yes,Har ghar jal certified,Certificate by public health engineering department,73,73
Rampur Mehrab,Boothgarh,Morinda,Rupnagar,Punjab,166,46,0,120,1,Yes,Har ghar jal certified,Certificate by public health engineering department,35,35
Chaklan,Chaklan,Morinda,Rupnagar,Punjab,322,12,0,310,1,Yes,Har ghar jal certified,Certificate by public health engineering department,64,64
Chalaki,Chalaki,Morinda,Rupnagar,Punjab,510,250,0,260,1,Yes,Har ghar jal certified,Certificate by public health engineering department,88,88
Charheri,Charheri,Morinda,Rupnagar,Punjab,585,50,0,535,1,Yes,Har ghar jal certified,Certificate by public health engineering department,116,116
Chitamla,Chatamla,Morinda,Rupnagar,Punjab,1122,653,0,469,1,Yes,Har ghar jal certified,Certificate by public health engineering department,228,228
Ranjitpura Alias Akbarpur,Chatamla,Morinda,Rupnagar,Punjab,30,0,0,30,1,Yes,Har ghar jal certified,Certificate by public health engineering department,6,6
Chitamli,Chatamli,Morinda,Rupnagar,Punjab,1312,632,0,680,1,Yes,Har ghar jal certified,Certificate by public health engineering department,235,235
Datarpur,Datarpur,Morinda,Rupnagar,Punjab,961,338,0,623,2,Yes,Har ghar jal certified,Certificate by public health engineering department,176,176
Rambagh,Datarpur,Morinda,Rupnagar,Punjab,29,29,0,0,1,Yes,Har ghar jal certified,Certificate by public health engineering department,7,7
Dhanauri,Dhanauri,Morinda,Rupnagar,Punjab,2450,525,0,1925,1,Yes,Har ghar jal certified,Certificate by public health engineering department,438,438
Dhangrali,Dhangrali,Morinda,Rupnagar,Punjab,1680,985,0,695,1,Yes,Har ghar jal certified,Certificate by public health engineering department,330,330
Dhianpura,Dhianpura,Morinda,Rupnagar,Punjab,908,280,0,628,1,Yes,Har ghar jal certified,Certificate by public health engineering department,165,165
Dholan Majra,Dholan Majra,Morinda,Rupnagar,Punjab,638,158,0,480,1,Yes,Har ghar jal certified,Certificate by public health engineering department,105,105
Doom Chheri,Doomcheri,Morinda,Rupnagar,Punjab,1373,385,0,988,1,Yes,Har ghar jal certified,Certificate by public health engineering department,275,275
Dumna,Dumna,Morinda,Rupnagar,Punjab,1090,660,0,430,1,Yes,Har ghar jal certified,Certificate by public health engineering department,222,222
Fatehgarh,Fatehgarh,Morinda,Rupnagar,Punjab,609,274,0,335,1,Yes,Har ghar jal certified,Certificate by public health engineering department,117,117
Gopalpur,Gopalpur,Morinda,Rupnagar,Punjab,831,351,0,480,1,Yes,Har ghar jal certified,Certificate by public health engineering department,145,145
Kainaur,Kainour,Morinda,Rupnagar,Punjab,2952,1274,0,1678,1,Yes,Har ghar jal certified,Certificate by public health engineering department,560,560
Kajauli,Kajouli,Morinda,Rupnagar,Punjab,785,255,0,530,1,Yes,Har ghar jal certified,Certificate by public health engineering department,150,150
Kakrali,Kakrali,Morinda,Rupnagar,Punjab,1597,622,0,975,1,Yes,Har ghar jal certified,Certificate by public health engineering department,285,285
Kalaran,Kalaran,Morinda,Rupnagar,Punjab,940,290,0,650,1,Yes,Har ghar jal certified,Certificate by public health engineering department,83,83
Kalheri,Kalheri,Morinda,Rupnagar,Punjab,790,580,0,210,1,Yes,Har ghar jal certified,Certificate by public health engineering department,145,145
Kanjla,Kanjla,Morinda,Rupnagar,Punjab,766,417,0,349,1,Yes,Har ghar jal certified,Certificate by public health engineering department,123,123
Khairpur,Khairpur,Morinda,Rupnagar,Punjab,600,187,0,413,2,Yes,Har ghar jal certified,Certificate by public health engineering department,102,102
Kotla,Kotla,Morinda,Rupnagar,Punjab,157,0,0,157,1,Yes,Har ghar jal certified,Certificate by public health engineering department,31,31
Kotli,Kotli,Morinda,Rupnagar,Punjab,600,150,0,450,1,Yes,Har ghar jal certified,Certificate by public health engineering department,134,134
Lutheri,Lutheri,Morinda,Rupnagar,Punjab,1305,473,0,832,1,Yes,Har ghar jal certified,Certificate by public health engineering department,260,260
Majri,Majri,Morinda,Rupnagar,Punjab,2398,1067,0,1331,1,Yes,Har ghar jal certified,Certificate by public health engineering department,59,59
Mandan,Mandan,Morinda,Rupnagar,Punjab,64,24,0,40,1,Yes,Har ghar jal certified,Certificate by public health engineering department,13,13
Man Kheri,Mankheri,Morinda,Rupnagar,Punjab,657,291,0,366,1,Yes,Har ghar jal certified,Certificate by public health engineering department,102,102
Marauli Kalan,Marauli Kalan,Morinda,Rupnagar,Punjab,2869,943,0,1926,1,Yes,Har ghar jal certified,Certificate by public health engineering department,517,517
Marauli Khurd,Marauli Khurd,Morinda,Rupnagar,Punjab,960,530,0,430,1,Yes,Har ghar jal certified,Certificate by public health engineering department,170,170
Morinda Rural,Morinda Rural,Morinda,Rupnagar,Punjab,947,946,0,1,1,Yes,Har ghar jal certified,Certificate by public health engineering department,169,169
Mundian,Mundian,Morinda,Rupnagar,Punjab,531,151,0,380,1,Yes,Har ghar jal certified,Certificate by public health engineering department,103,103
Nathmalpur,Nathmalpur,Morinda,Rupnagar,Punjab,1374,781,0,593,1,Yes,Har ghar jal certified,Certificate by public health engineering department,283,283
Oind,Oind,Morinda,Rupnagar,Punjab,1833,549,0,1284,1,Yes,Har ghar jal certified,Certificate by public health engineering department,371,371
Paprali,Paprali,Morinda,Rupnagar,Punjab,1500,676,0,824,1,Yes,Har ghar jal certified,Certificate by public health engineering department,281,281
Ramgarh,Ramgarh,Morinda,Rupnagar,Punjab,277,245,0,32,1,Yes,Har ghar jal certified,Certificate by public health engineering department,94,94
Rangian,Rangian,Morinda,Rupnagar,Punjab,1605,456,0,1149,1,Yes,Har ghar jal certified,Certificate by public health engineering department,295,295
Rasulpur,Rasulpur,Morinda,Rupnagar,Punjab,750,260,0,490,1,Yes,Har ghar jal certified,Certificate by public health engineering department,150,150
Rattangarh,Rattangarh,Morinda,Rupnagar,Punjab,384,4,0,380,1,Yes,Har ghar jal certified,Certificate by public health engineering department,77,77
Rauni Kalan,Rauni Kalan,Morinda,Rupnagar,Punjab,530,194,0,336,1,Yes,Har ghar jal certified,Certificate by public health engineering department,97,97
Rouni Khurd,Rauni Khurd,Morinda,Rupnagar,Punjab,250,30,0,220,1,Yes,Har ghar jal certified,Certificate by public health engineering department,40,40
Saheri,Saheri,Morinda,Rupnagar,Punjab,1589,789,0,800,1,Yes,Har ghar jal certified,Certificate by public health engineering department,298,298
Sakho Majra,Sakho Majra,Morinda,Rupnagar,Punjab,660,300,0,360,1,Yes,Har ghar jal certified,Certificate by public health engineering department,120,120
Samana Kalan,Samana Kalan,Morinda,Rupnagar,Punjab,1838,588,0,1250,1,Yes,Har ghar jal certified,Certificate by public health engineering department,325,325
Samana Khurd,Samana Khurd,Morinda,Rupnagar,Punjab,861,135,0,726,1,Yes,Har ghar jal certified,Certificate by public health engineering department,190,190
Samrauli,Samrauli,Morinda,Rupnagar,Punjab,365,174,0,191,1,Yes,Har ghar jal certified,Certificate by public health engineering department,60,60
Sangatpura,Sangatpur,Morinda,Rupnagar,Punjab,210,125,0,85,1,Yes,Har ghar jal certified,Certificate by public health engineering department,35,35
Sarhana,Sarhana,Morinda,Rupnagar,Punjab,870,350,0,520,1,Yes,Har ghar jal certified,Certificate by public health engineering department,147,147
Shahpur,Shahpur,Morinda,Rupnagar,Punjab,350,100,0,250,1,Yes,Har ghar jal certified,Certificate by public health engineering department,68,68
Sotal Baba,Sotal Baba,Morinda,Rupnagar,Punjab,1600,185,0,1415,1,Yes,Har ghar jal certified,Certificate by public health engineering department,296,296
Tajpura,Tajpura,Morinda,Rupnagar,Punjab,726,156,0,570,1,Yes,Har ghar jal certified,Certificate by public health engineering department,150,150
Udhampur,Udhampur,Morinda,Rupnagar,Punjab,222,15,0,207,1,Yes,Har ghar jal certified,Certificate by public health engineering department,48,48
Abiana Kalan,Abiana Kalan,Nurpur Bedi,Rupnagar,Punjab,946,148,0,798,1,Yes,Har ghar jal certified,Certificate by public health engineering department,192,192
Abiana Khurd,Abiana Khurd,Nurpur Bedi,Rupnagar,Punjab,931,84,0,847,1,Yes,Har ghar jal certified,Certificate by public health engineering department,196,196
Amarpur Bela,Amarpur Bela,Nurpur Bedi,Rupnagar,Punjab,316,40,0,276,1,Yes,Har ghar jal certified,Certificate by public health engineering department,88,88
Asalatpur,Aslatpur,Nurpur Bedi,Rupnagar,Punjab,546,0,0,546,1,Yes,Har ghar jal certified,Certificate by public health engineering department,184,184
Aulakh,Aulakh,Nurpur Bedi,Rupnagar,Punjab,612,49,0,563,1,Yes,Har ghar jal certified,Certificate by public health engineering department,162,162
Azampur,Azampur,Nurpur Bedi,Rupnagar,Punjab,890,245,0,645,1,Yes,Har ghar jal certified,Certificate by public health engineering department,215,215
Bahman Majra,Bahman Majra,Nurpur Bedi,Rupnagar,Punjab,664,62,0,602,1,Yes,Har ghar jal certified,Certificate by public health engineering department,141,141
Bainhara,Bainhara,Nurpur Bedi,Rupnagar,Punjab,238,0,0,238,1,Yes,Har ghar jal certified,Certificate by public health engineering department,102,102
Bains,Bains,Nurpur Bedi,Rupnagar,Punjab,1444,490,0,954,1,Yes,Har ghar jal certified,Certificate by public health engineering department,374,374
Bajroor,Bajrur,Nurpur Bedi,Rupnagar,Punjab,2412,595,0,1817,1,Yes,Har ghar jal certified,Certificate by public health engineering department,593,593
Balewal,Balewal,Nurpur Bedi,Rupnagar,Punjab,1594,237,0,1357,2,Yes,Har ghar jal certified,Certificate by public health engineering department,609,609
Barari,Barari,Nurpur Bedi,Rupnagar,Punjab,434,0,0,434,3,Yes,Har ghar jal certified,Certificate by public health engineering department,74,74
Barian,Barian,Nurpur Bedi,Rupnagar,Punjab,496,15,0,481,1,Yes,Har ghar jal certified,Certificate by public health engineering department,102,102
Barwa,Barwa,Nurpur Bedi,Rupnagar,Punjab,1700,240,0,1460,1,Yes,Har ghar jal certified,Certificate by public health engineering department,374,374
Basali,Basali,Nurpur Bedi,Rupnagar,Punjab,768,131,0,637,3,Yes,Har ghar jal certified,Certificate by public health engineering department,274,274
Bassi,Bassi,Nurpur Bedi,Rupnagar,Punjab,823,197,0,626,1,Yes,Har ghar jal certified,Certificate by public health engineering department,197,197
Chanauli,Bassi,Nurpur Bedi,Rupnagar,Punjab,1341,291,0,1050,1,Yes,Har ghar jal certified,Certificate by public health engineering department,337,337
Batarla,Batarala,Nurpur Bedi,Rupnagar,Punjab,292,55,0,237,1,Yes,Har ghar jal certified,Certificate by public health engineering department,57,57
Bhaini,Bhaini,Nurpur Bedi,Rupnagar,Punjab,715,67,0,648,1,Yes,Har ghar jal certified,Certificate by public health engineering department,141,141
Bhanglan,Bhangal,Nurpur Bedi,Rupnagar,Punjab,1111,164,0,947,1,Yes,Har ghar jal certified,Certificate by public health engineering department,294,294
Bhauwal,Bhaowal,Nurpur Bedi,Rupnagar,Punjab,949,149,0,800,1,Yes,Har ghar jal certified,Certificate by public health engineering department,198,198
PAHARON,Bhaowal,Nurpur Bedi,Rupnagar,Punjab,9,0,0,9,1,Yes,Har ghar jal certified,Certificate by public health engineering department,2,2
Bathlour Khad,Bhatlaur Khad,Nurpur Bedi,Rupnagar,Punjab,660,390,0,270,1,Yes,Har ghar jal certified,Certificate by public health engineering department,160,160
Bhatauli,Bhatoli,Nurpur Bedi,Rupnagar,Punjab,177,93,0,84,1,Yes,Har ghar jal certified,Certificate by public health engineering department,84,84
Bhatton,Bhatton,Nurpur Bedi,Rupnagar,Punjab,781,76,0,705,1,Yes,Har ghar jal certified,Certificate by public health engineering department,167,167
Bhogipur,Bhogipur,Nurpur Bedi,Rupnagar,Punjab,583,91,0,492,1,Yes,Har ghar jal certified,Certificate by public health engineering department,119,119
Boothgarh,Buthgarh,Nurpur Bedi,Rupnagar,Punjab,359,36,0,323,2,Yes,Har ghar jal certified,Certificate by public health engineering department,92,92
Chhaja,Chajja,Nurpur Bedi,Rupnagar,Punjab,474,52,0,422,1,Yes,Har ghar jal certified,Certificate by public health engineering department,97,97
Chandpur,Chandpur,Nurpur Bedi,Rupnagar,Punjab,182,0,0,182,1,Yes,Har ghar jal certified,Certificate by public health engineering department,262,262
Asmanpur,Chandpur Asmani,Nurpur Bedi,Rupnagar,Punjab,808,218,0,590,2,Yes,Har ghar jal certified,Certificate by public health engineering department,158,158
Chaunta,Chaunta,Nurpur Bedi,Rupnagar,Punjab,536,10,0,526,1,Yes,Har ghar jal certified,Certificate by public health engineering department,158,158
Chahar Majra,Chehar Majra,Nurpur Bedi,Rupnagar,Punjab,640,179,0,461,1,Yes,Har ghar jal certified,Certificate by public health engineering department,136,136
Dhamana,Dhamana,Nurpur Bedi,Rupnagar,Punjab,930,355,0,575,2,Yes,Har ghar jal certified,Certificate by public health engineering department,386,386
Dahirpur,Dhirpur,Nurpur Bedi,Rupnagar,Punjab,497,70,0,427,1,Yes,Har ghar jal certified,Certificate by public health engineering department,116,116
Dummewal,Dumewal,Nurpur Bedi,Rupnagar,Punjab,678,85,0,593,2,Yes,Har ghar jal certified,Certificate by public health engineering department,138,138
Garhbaga,Garh Dolian,Nurpur Bedi,Rupnagar,Punjab,1549,1020,0,529,4,Yes,Har ghar jal certified,Certificate by public health engineering department,528,528
Garhbaga,Garhbaga,Nurpur Bedi,Rupnagar,Punjab,1549,1020,0,529,4,Yes,Har ghar jal certified,Certificate by public health engineering department,528,528
Ghahi Majra,Ghahi Majra,Nurpur Bedi,Rupnagar,Punjab,331,50,0,281,1,Yes,Har ghar jal certified,Certificate by public health engineering department,94,94
Gobindpur,Gobindpur Bela,Nurpur Bedi,Rupnagar,Punjab,282,18,0,264,1,Yes,Har ghar jal certified,Certificate by public health engineering department,72,72
Gochar,Gochar,Nurpur Bedi,Rupnagar,Punjab,885,391,0,494,2,Yes,Har ghar jal certified,Certificate by public health engineering department,249,249
Gopalpur,Gopalpur,Nurpur Bedi,Rupnagar,Punjab,275,4,0,271,1,Yes,Har ghar jal certified,Certificate by public health engineering department,75,75
Gurse Majra,Gurse Majra,Nurpur Bedi,Rupnagar,Punjab,388,22,0,366,1,Yes,Har ghar jal certified,Certificate by public health engineering department,67,67
Haripur,Haripur,Nurpur Bedi,Rupnagar,Punjab,331,123,0,208,2,Yes,Har ghar jal certified,Certificate by public health engineering department,108,108
Hirpur Ganura,Haripur Ganura,Nurpur Bedi,Rupnagar,Punjab,1151,236,0,915,4,Yes,Har ghar jal certified,Certificate by public health engineering department,238,238
Hayatpur,Hayatpur,Nurpur Bedi,Rupnagar,Punjab,1291,87,0,1204,2,Yes,Har ghar jal certified,Certificate by public health engineering department,342,342
Jatauli,Jatoli,Nurpur Bedi,Rupnagar,Punjab,1331,627,0,704,2,Yes,Har ghar jal certified,Certificate by public health engineering department,483,483
Jatpur,Jatpur,Nurpur Bedi,Rupnagar,Punjab,1782,229,0,1553,2,Yes,Har ghar jal certified,Certificate by public health engineering department,444,444
Jatwar,Jatwahar,Nurpur Bedi,Rupnagar,Punjab,2764,1354,0,1410,4,Yes,Har ghar jal certified,Certificate by public health engineering department,584,584
Jhaj,Jhaj,Nurpur Bedi,Rupnagar,Punjab,1256,150,0,1106,1,Yes,Har ghar jal certified,Certificate by public health engineering department,340,340
Jhandian,Jhandian Kalan,Nurpur Bedi,Rupnagar,Punjab,1758,914,0,844,2,Yes,Har ghar jal certified,Certificate by public health engineering department,505,505
Jhangrian,Jhangrian,Nurpur Bedi,Rupnagar,Punjab,745,215,0,530,2,Yes,Har ghar jal certified,Certificate by public health engineering department,150,150
Jhingri,Jhinjari,Nurpur Bedi,Rupnagar,Punjab,685,162,0,523,1,Yes,Har ghar jal certified,Certificate by public health engineering department,129,129
MAJRA,Jhinjari,Nurpur Bedi,Rupnagar,Punjab,619,161,0,458,1,Yes,Har ghar jal certified,Certificate by public health engineering department,25,25
Kahanpur Khuhi,Kahanpur Khuhi,Nurpur Bedi,Rupnagar,Punjab,563,460,0,103,1,Yes,Har ghar jal certified,Certificate by public health engineering department,320,320
Kalwan,KALWAN,Nurpur Bedi,Rupnagar,Punjab,N/A,N/A,N/A,N/A,N/A,N/A,N/A,N/A,N/A,N/A
KUKOWAL,KALWAN,Nurpur Bedi,Rupnagar,Punjab,8,0,0,8,1,Yes,Har ghar jal certified,Certificate by public health engineering department,2,2
Kangar,Kangar,Nurpur Bedi,Rupnagar,Punjab,845,275,0,570,1,Yes,Har ghar jal certified,Certificate by public health engineering department,222,222
Kartarpur,Kartarpur,Nurpur Bedi,Rupnagar,Punjab,1396,401,0,995,1,Yes,Har ghar jal certified,Certificate by public health engineering department,321,321
Karura,Karura,Nurpur Bedi,Rupnagar,Punjab,1670,140,0,1530,5,Yes,Har ghar jal certified,Certificate by public health engineering department,405,405
Katta,Katta,Nurpur Bedi,Rupnagar,Punjab,487,206,0,281,2,Yes,Har ghar jal certified,Certificate by public health engineering department,171,171
Khattana,Khatana,Nurpur Bedi,Rupnagar,Punjab,610,246,0,364,3,Yes,Har ghar jal certified,Certificate by public health engineering department,177,177
Kheri,Kheri,Nurpur Bedi,Rupnagar,Punjab,1213,236,0,977,1,Yes,Har ghar jal certified,Certificate by public health engineering department,228,228
Kumbhewal,Kumbewal,Nurpur Bedi,Rupnagar,Punjab,271,172,0,99,1,Yes,Har ghar jal certified,Certificate by public health engineering department,92,92
Lakhno,Lakhno 401,Nurpur Bedi,Rupnagar,Punjab,215,5,0,210,1,Yes,Har ghar jal certified,Certificate by public health engineering department,49,49
Lalpur,Lalpur,Nurpur Bedi,Rupnagar,Punjab,786,160,0,626,1,Yes,Har ghar jal certified,Certificate by public health engineering department,142,142
Lasari,Lassari,Nurpur Bedi,Rupnagar,Punjab,455,91,0,364,1,Yes,Har ghar jal certified,Certificate by public health engineering department,165,165
Lahrian,Lehrian,Nurpur Bedi,Rupnagar,Punjab,704,108,0,596,1,Yes,Har ghar jal certified,Certificate by public health engineering department,92,92
TAPRIAN CHAK CHAL ALIAS KUJAL,Lehrian,Nurpur Bedi,Rupnagar,Punjab,13,0,0,13,1,Yes,Har ghar jal certified,Certificate by public health engineering department,3,3
Madhopur,Madhopur,Nurpur Bedi,Rupnagar,Punjab,750,124,0,626,1,Yes,Har ghar jal certified,Certificate by public health engineering department,195,195
Mehandpur,Mahandpur,Nurpur Bedi,Rupnagar,Punjab,980,120,0,860,1,Yes,Har ghar jal certified,Certificate by public health engineering department,257,257
Mawa,Mawa,Nurpur Bedi,Rupnagar,Punjab,689,147,0,542,1,Yes,Har ghar jal certified,Certificate by public health engineering department,179,179
Mirpur,Mirpur,Nurpur Bedi,Rupnagar,Punjab,436,54,0,382,1,Yes,Har ghar jal certified,Certificate by public health engineering department,109,109
Mothapur,Mothapur,Nurpur Bedi,Rupnagar,Punjab,611,40,0,571,1,Yes,Har ghar jal certified,Certificate by public health engineering department,158,158
Makari,Mukari,Nurpur Bedi,Rupnagar,Punjab,1028,71,0,957,1,Yes,Har ghar jal certified,Certificate by public health engineering department,220,220
Munna,Munne,Nurpur Bedi,Rupnagar,Punjab,560,148,0,412,1,Yes,Har ghar jal certified,Certificate by public health engineering department,136,136
Mussapur,Mussapur,Nurpur Bedi,Rupnagar,Punjab,834,377,0,457,1,Yes,Har ghar jal certified,Certificate by public health engineering department,125,125
Nalhoti,Nalhoti,Nurpur Bedi,Rupnagar,Punjab,1679,592,0,1087,4,Yes,Har ghar jal certified,Certificate by public health engineering department,343,343
Nangal,Nangal,Nurpur Bedi,Rupnagar,Punjab,680,133,0,547,1,Yes,Har ghar jal certified,Certificate by public health engineering department,152,152
NURPUR KALAN,NURPUR KALAN,Nurpur Bedi,Rupnagar,Punjab,3237,780,0,2457,1,Yes,Har ghar jal certified,Certificate by public health engineering department,960,960
Nurpur Khurd,Nurpur Khurd,Nurpur Bedi,Rupnagar,Punjab,500,40,0,460,1,Yes,Har ghar jal certified,Certificate by public health engineering department,190,190
Pachranda,Pachranda 397,Nurpur Bedi,Rupnagar,Punjab,633,50,0,583,1,Yes,Har ghar jal certified,Certificate by public health engineering department,153,153
Palata,Palahta,Nurpur Bedi,Rupnagar,Punjab,478,224,0,254,1,Yes,Har ghar jal certified,Certificate by public health engineering department,158,158
Raipur (nagal),Raipur,Nurpur Bedi,Rupnagar,Punjab,499,40,0,459,1,Yes,Har ghar jal certified,Certificate by public health engineering department,197,197
Raipur (anandpur Sahib),Raipur(415),Nurpur Bedi,Rupnagar,Punjab,678,40,0,638,1,Yes,Har ghar jal certified,Certificate by public health engineering department,146,146
Raisara,Raisara,Nurpur Bedi,Rupnagar,Punjab,259,18,0,241,1,Yes,Har ghar jal certified,Certificate by public health engineering department,53,53
Rajgiri,Rajgiri,Nurpur Bedi,Rupnagar,Punjab,400,60,0,340,1,Yes,Har ghar jal certified,Certificate by public health engineering department,334,334
Rampur Kalan Lower,Rampur Kalan,Nurpur Bedi,Rupnagar,Punjab,1416,680,0,736,4,Yes,Har ghar jal certified,Certificate by public health engineering department,303,303
Rauli,Raoli,Nurpur Bedi,Rupnagar,Punjab,879,25,0,854,1,Yes,Har ghar jal certified,Certificate by public health engineering department,224,224
Rure Majra,Rure Majra,Nurpur Bedi,Rupnagar,Punjab,675,273,0,402,1,Yes,Har ghar jal certified,Certificate by public health engineering department,137,137
Sabaur,Sabour,Nurpur Bedi,Rupnagar,Punjab,584,0,0,584,1,Yes,Har ghar jal certified,Certificate by public health engineering department,383,383
Saidpur,Saidpur,Nurpur Bedi,Rupnagar,Punjab,833,89,0,744,2,Yes,Har ghar jal certified,Certificate by public health engineering department,229,229
Saini Majra,Saini Majra 395,Nurpur Bedi,Rupnagar,Punjab,1512,313,0,1199,1,Yes,Har ghar jal certified,Certificate by public health engineering department,379,379
Seikhpur,Sakhpur,Nurpur Bedi,Rupnagar,Punjab,360,95,0,265,1,Yes,Har ghar jal certified,Certificate by public health engineering department,86,86
Samirowal,Samirowal,Nurpur Bedi,Rupnagar,Punjab,1492,319,0,1173,2,Yes,Har ghar jal certified,Certificate by public health engineering department,354,354
Samundarian,Samundrian,Nurpur Bedi,Rupnagar,Punjab,980,264,0,716,2,Yes,Har ghar jal certified,Certificate by public health engineering department,319,319
Sandhoa,Sandoya,Nurpur Bedi,Rupnagar,Punjab,429,99,0,330,1,Yes,Har ghar jal certified,Certificate by public health engineering department,98,98
Spalwan,Sapalwan,Nurpur Bedi,Rupnagar,Punjab,239,0,0,239,1,Yes,Har ghar jal certified,Certificate by public health engineering department,59,59
Saran,Saran,Nurpur Bedi,Rupnagar,Punjab,647,215,0,432,1,Yes,Har ghar jal certified,Certificate by public health engineering department,109,109
Sarthali,Sarthali,Nurpur Bedi,Rupnagar,Punjab,1323,254,0,1069,2,Yes,Har ghar jal certified,Certificate by public health engineering department,304,304
Saskaur,Saskaur,Nurpur Bedi,Rupnagar,Punjab,796,151,0,645,1,Yes,Har ghar jal certified,Certificate by public health engineering department,186,186
Saupur,Saupur,Nurpur Bedi,Rupnagar,Punjab,503,0,0,503,1,Yes,Har ghar jal certified,Certificate by public health engineering department,105,105
Sakhpur,Sekhpur 411,Nurpur Bedi,Rupnagar,Punjab,681,200,0,481,1,Yes,Har ghar jal certified,Certificate by public health engineering department,161,161
Shahpur Bela,Shahpur,Nurpur Bedi,Rupnagar,Punjab,178,52,0,126,1,Yes,Har ghar jal certified,Certificate by public health engineering department,42,42
Simbal Majra,Simbal Majra,Nurpur Bedi,Rupnagar,Punjab,1138,287,0,851,2,Yes,Har ghar jal certified,Certificate by public health engineering department,234,234
Singhpur,Singhpur,Nurpur Bedi,Rupnagar,Punjab,1613,536,0,1077,3,Yes,Har ghar jal certified,Certificate by public health engineering department,417,417
Sukhe Majra,Sukhe Majra,Nurpur Bedi,Rupnagar,Punjab,302,0,0,302,1,Yes,Har ghar jal certified,Certificate by public health engineering department,59,59
Takhatgarh,Takhatgarh,Nurpur Bedi,Rupnagar,Punjab,4160,1139,0,3021,5,Yes,Har ghar jal certified,Certificate by public health engineering department,1000,1000
Thana,Thana,Nurpur Bedi,Rupnagar,Punjab,2734,348,0,2386,4,Yes,Har ghar jal certified,Certificate by public health engineering department,642,642
Tibba Nangal,Tiba Nangal,Nurpur Bedi,Rupnagar,Punjab,1221,356,0,865,3,Yes,Har ghar jal certified,Certificate by public health engineering department,323,323
Tibba Tapprian,Tiba Tapprian,Nurpur Bedi,Rupnagar,Punjab,1892,258,0,1634,2,Yes,Har ghar jal certified,Certificate by public health engineering department,435,435
Ahmedpur,Ahmadpur,Rupnagar,Rupnagar,Punjab,243,172,0,71,1,Yes,Har ghar jal certified,Certificate by public health engineering department,53,53
Burjwala,Akalgarh,Rupnagar,Rupnagar,Punjab,658,178,0,480,1,Yes,Har ghar jal certified,Certificate by public health engineering department,119,119
Akabarpur,Akbarpur,Rupnagar,Rupnagar,Punjab,1190,677,0,513,1,Yes,Har ghar jal certified,Certificate by public health engineering department,196,196
Alibak,Akbarpur,Rupnagar,Rupnagar,Punjab,237,118,0,119,1,Yes,Har ghar jal certified,Certificate by public health engineering department,53,53
Alampur,Alampur,Rupnagar,Rupnagar,Punjab,545,292,0,253,1,Yes,Har ghar jal certified,Certificate by public health engineering department,84,84
Alipur,Alipur,Rupnagar,Rupnagar,Punjab,796,317,0,479,2,Yes,Har ghar jal certified,Certificate by public health engineering department,118,118
Allowal,Allowal,Rupnagar,Rupnagar,Punjab,950,246,0,704,1,Yes,Har ghar jal certified,Certificate by public health engineering department,159,159
Andhrera,Andhrera,Rupnagar,Rupnagar,Punjab,1049,924,0,125,1,Yes,Har ghar jal certified,Certificate by public health engineering department,185,185
Asmanpur,Asmanpur,Rupnagar,Rupnagar,Punjab,329,0,0,329,1,Yes,Har ghar jal certified,Certificate by public health engineering department,59,59
Asspur,Aspur,Rupnagar,Rupnagar,Punjab,865,95,0,770,1,Yes,Har ghar jal certified,Certificate by public health engineering department,156,156
Atalgarh,Atalgarh,Rupnagar,Rupnagar,Punjab,201,18,0,183,1,Yes,Har ghar jal certified,Certificate by public health engineering department,41,41
Attari,Atari,Rupnagar,Rupnagar,Punjab,1367,322,0,1045,2,Yes,Har ghar jal certified,Certificate by public health engineering department,319,319
Awankot,Awankot,Rupnagar,Rupnagar,Punjab,1149,497,0,652,1,Yes,Har ghar jal certified,Certificate by public health engineering department,70,70
Babani Kalan,Babani Kalan,Rupnagar,Rupnagar,Punjab,585,80,0,505,1,Yes,Har ghar jal certified,Certificate by public health engineering department,39,39
Babani Khurd,Babani Kalan,Rupnagar,Rupnagar,Punjab,150,0,0,150,1,Yes,Har ghar jal certified,Certificate by public health engineering department,32,32
Bagwali,Bagwali,Rupnagar,Rupnagar,Punjab,246,52,0,194,1,Yes,Har ghar jal certified,Certificate by public health engineering department,39,39
BAHADUR PUR,Bahadurpur,Rupnagar,Rupnagar,Punjab,444,19,0,425,2,Yes,Har ghar jal certified,Certificate by public health engineering department,105,105
Mado Majra,Bahadurpur,Rupnagar,Rupnagar,Punjab,175,90,0,85,1,Yes,Har ghar jal certified,Certificate by public health engineering department,42,42
BAIRAMPUR,BAIRAMPUR,Rupnagar,Rupnagar,Punjab,721,340,0,381,1,Yes,Har ghar jal certified,Certificate by public health engineering department,83,83
Balsanda,Balasanda,Rupnagar,Rupnagar,Punjab,1427,484,0,943,1,Yes,Har ghar jal certified,Certificate by public health engineering department,235,235
Balamgarh Alias Mandwara,Ballamgarh Urf Mandwara,Rupnagar,Rupnagar,Punjab,2122,563,0,1559,1,Yes,Har ghar jal certified,Certificate by public health engineering department,405,405
Jabarhera,Ballamgarh Urf Mandwara,Rupnagar,Rupnagar,Punjab,45,0,0,45,1,Yes,Har ghar jal certified,Certificate by public health engineering department,9,9
Bara,Bara,Rupnagar,Rupnagar,Punjab,511,310,0,201,1,Yes,Har ghar jal certified,Certificate by public health engineering department,120,120
Pathreri Rajputan,Bara,Rupnagar,Rupnagar,Punjab,235,23,0,212,1,Yes,Har ghar jal certified,Certificate by public health engineering department,20,20
Bara Bande Mehal,Bara Bande Mahal,Rupnagar,Rupnagar,Punjab,564,294,0,270,1,Yes,Har ghar jal certified,Certificate by public health engineering department,125,125
Chhota Bande Mahal,Bara Bande Mahal,Rupnagar,Rupnagar,Punjab,213,38,0,175,1,Yes,Har ghar jal certified,Certificate by public health engineering department,39,39
Bara Phool,Bara Phool,Rupnagar,Rupnagar,Punjab,426,165,0,261,1,Yes,Har ghar jal certified,Certificate by public health engineering department,29,29
Gurdaspur,Bara Phool,Rupnagar,Rupnagar,Punjab,485,284,0,201,1,Yes,Har ghar jal certified,Certificate by public health engineering department,88,88
Bara Pind,Bara Pind,Rupnagar,Rupnagar,Punjab,2697,661,0,2036,5,Yes,Har ghar jal certified,Certificate by public health engineering department,566,566
Bardar,Bardar,Rupnagar,Rupnagar,Punjab,1008,53,0,955,4,Yes,Har ghar jal certified,Certificate by public health engineering department,179,179
Bari,Bari,Rupnagar,Rupnagar,Punjab,310,187,0,123,1,Yes,Har ghar jal certified,Certificate by public health engineering department,54,54
Dau Majra,Bari,Rupnagar,Rupnagar,Punjab,11,0,0,11,1,Yes,Har ghar jal certified,Certificate by public health engineering department,3,3
Khudaspur,Bari,Rupnagar,Rupnagar,Punjab,86,29,0,57,1,Yes,Har ghar jal certified,Certificate by public health engineering department,15,15
Bari Jhakhian/gardley,Bari Jhakian,Rupnagar,Rupnagar,Punjab,1836,433,0,1403,3,Yes,Har ghar jal certified,Certificate by public health engineering department,371,371
BARI RAILON,BARI RAILON,Rupnagar,Rupnagar,Punjab,658,245,0,413,1,Yes,Har ghar jal certified,Certificate by public health engineering department,117,117
Behrampur,Behrampur Dhaha,Rupnagar,Rupnagar,Punjab,1840,626,0,1214,2,Yes,Har ghar jal certified,Certificate by public health engineering department,348,348
Beli,Beli,Rupnagar,Rupnagar,Punjab,1005,225,0,780,1,Yes,Har ghar jal certified,Certificate by public health engineering department,222,222
Bhadal,Bhadal,Rupnagar,Rupnagar,Punjab,943,511,0,432,1,Yes,Har ghar jal certified,Certificate by public health engineering department,180,180
Bhago Majra,Bhago Majra,Rupnagar,Rupnagar,Punjab,885,335,0,550,1,Yes,Har ghar jal certified,Certificate by public health engineering department,166,166
Bhagwantpur,Bhagwant Pura,Rupnagar,Rupnagar,Punjab,914,501,0,413,1,Yes,Har ghar jal certified,Certificate by public health engineering department,177,177
BHAINI,BHAINI,Rupnagar,Rupnagar,Punjab,790,350,0,440,1,Yes,Har ghar jal certified,Certificate by public health engineering department,138,138
ROUNTA,BHAINI,Rupnagar,Rupnagar,Punjab,67,42,0,25,1,Yes,Har ghar jal certified,Certificate by public health engineering department,13,13
Bhaku Majra,Bhakhu Majra,Rupnagar,Rupnagar,Punjab,1085,185,0,900,1,Yes,Har ghar jal certified,Certificate by public health engineering department,215,215
Bhanglan,Bhanglan,Rupnagar,Rupnagar,Punjab,437,424,0,13,2,Yes,Har ghar jal certified,Certificate by public health engineering department,90,90
Jhandian,Bhanglan,Rupnagar,Rupnagar,Punjab,145,50,0,95,1,Yes,Har ghar jal certified,Certificate by public health engineering department,35,35
Bhauwal,Bhaowal,Rupnagar,Rupnagar,Punjab,334,92,0,242,2,Yes,Har ghar jal certified,Certificate by public health engineering department,96,96
Bharatgarh,Bharatgarh,Rupnagar,Rupnagar,Punjab,2742,900,0,1842,1,Yes,Har ghar jal certified,Certificate by public health engineering department,595,595
Bheora,Bheora,Rupnagar,Rupnagar,Punjab,678,88,0,590,2,Yes,Har ghar jal certified,Certificate by public health engineering department,146,146
Bhaowal,Bhowal,Rupnagar,Rupnagar,Punjab,685,50,0,635,1,Yes,Har ghar jal certified,Certificate by public health engineering department,152,152
Bikkon,Bikkon,Rupnagar,Rupnagar,Punjab,620,2,0,618,1,Yes,Har ghar jal certified,Certificate by public health engineering department,108,108
Inderpura,Bikkon,Rupnagar,Rupnagar,Punjab,186,0,0,186,1,Yes,Har ghar jal certified,Certificate by public health engineering department,34,34
Balawalpur,Bilawalpur,Rupnagar,Rupnagar,Punjab,295,20,0,275,1,Yes,Har ghar jal certified,Certificate by public health engineering department,65,65
Bindrakh,Bindrakh,Rupnagar,Rupnagar,Punjab,774,119,0,655,1,Yes,Har ghar jal certified,Certificate by public health engineering department,147,147
Brahman Majra,Brahman Majra,Rupnagar,Rupnagar,Punjab,640,250,0,390,1,Yes,Har ghar jal certified,Certificate by public health engineering department,116,116
Budha Bhora,Budha Bhora,Rupnagar,Rupnagar,Punjab,420,80,0,340,1,Yes,Har ghar jal certified,Certificate by public health engineering department,86,86
CHAK KARMA,CHAK KARMA,Rupnagar,Rupnagar,Punjab,696,258,0,438,3,Yes,Har ghar jal certified,Certificate by public health engineering department,130,130
Chak Dher,Chakdhera,Rupnagar,Rupnagar,Punjab,502,300,0,202,1,Yes,Har ghar jal certified,Certificate by public health engineering department,100,100
Chaklan,Chaklan,Rupnagar,Rupnagar,Punjab,320,12,0,308,1,Yes,Har ghar jal certified,Certificate by public health engineering department,59,59
Chandpur,Chandpur,Rupnagar,Rupnagar,Punjab,260,47,0,213,1,Yes,Har ghar jal certified,Certificate by public health engineering department,44,44
Charian,Cherrian,Rupnagar,Rupnagar,Punjab,750,300,0,450,1,Yes,Har ghar jal certified,Certificate by public health engineering department,172,172
Chaunta Kalan,Chhota Chaunta,Rupnagar,Rupnagar,Punjab,282,70,0,212,1,Yes,Har ghar jal certified,Certificate by public health engineering department,24,24
Chaunta Khurd,Chhota Chaunta,Rupnagar,Rupnagar,Punjab,321,250,0,71,1,Yes,Har ghar jal certified,Certificate by public health engineering department,43,43
Chintgarh,Chintgarh,Rupnagar,Rupnagar,Punjab,961,234,0,727,1,Yes,Har ghar jal certified,Certificate by public health engineering department,175,175
Chhota Phool,Chota Phool,Rupnagar,Rupnagar,Punjab,985,65,0,920,1,Yes,Har ghar jal certified,Certificate by public health engineering department,193,193
Nanowal,Chota Phool,Rupnagar,Rupnagar,Punjab,15,0,0,15,1,Yes,Har ghar jal certified,Certificate by public health engineering department,4,4
Abhepur Beli,Choti Haveli,Rupnagar,Rupnagar,Punjab,692,150,0,542,1,Yes,Har ghar jal certified,Certificate by public health engineering department,55,55
Choti Haveli,Choti Haveli,Rupnagar,Rupnagar,Punjab,1128,190,0,938,1,Yes,Har ghar jal certified,Certificate by public health engineering department,230,230
Bal,Chotti Jhakhian,Rupnagar,Rupnagar,Punjab,126,4,0,122,3,Yes,Har ghar jal certified,Certificate by public health engineering department,26,26
CHOTTI JHAKHIAN,Chotti Jhakhian,Rupnagar,Rupnagar,Punjab,789,299,0,490,1,Yes,Har ghar jal certified,Certificate by public health engineering department,159,159
Haler,Chotti Jhakhian,Rupnagar,Rupnagar,Punjab,112,79,0,33,1,Yes,Har ghar jal certified,Certificate by public health engineering department,23,23
Chotti Jhallian,Chotti Jhalian,Rupnagar,Rupnagar,Punjab,595,100,0,495,1,Yes,Har ghar jal certified,Certificate by public health engineering department,109,109
Daburji,Daburji,Rupnagar,Rupnagar,Punjab,1181,377,0,804,1,Yes,Har ghar jal certified,Certificate by public health engineering department,212,212
Dadi,Dadhi,Rupnagar,Rupnagar,Punjab,943,511,0,432,2,Yes,Har ghar jal certified,Certificate by public health engineering department,179,179
Naulakha,Dadhi,Rupnagar,Rupnagar,Punjab,110,45,0,65,1,Yes,Har ghar jal certified,Certificate by public health engineering department,20,20
Dakala,Dakala,Rupnagar,Rupnagar,Punjab,694,0,0,694,1,Yes,Har ghar jal certified,Certificate by public health engineering department,126,126
Dangauli,Dangauli,Rupnagar,Rupnagar,Punjab,856,648,0,208,1,Yes,Har ghar jal certified,Certificate by public health engineering department,136,136
Dargah Shah Khalid Binwalid,Dargah Shah Walid Khalid,Rupnagar,Rupnagar,Punjab,513,468,0,45,1,Yes,Har ghar jal certified,Certificate by public health engineering department,93,93
Dek Wala,Deakwala,Rupnagar,Rupnagar,Punjab,N/A,N/A,N/A,N/A,N/A,N/A,N/A,N/A,N/A,N/A
Chararian,Dhaloh,Rupnagar,Rupnagar,Punjab,95,15,0,80,1,Yes,Har ghar jal certified,Certificate by public health engineering department,18,18
DHALOH,Dhaloh,Rupnagar,Rupnagar,Punjab,86,16,0,70,1,Yes,Har ghar jal certified,Certificate by public health engineering department,20,20
Dugri,Dugri,Rupnagar,Rupnagar,Punjab,1160,702,0,458,1,Yes,Har ghar jal certified,Certificate by public health engineering department,215,215
Dulchi Majra,Dulchi Majra,Rupnagar,Rupnagar,Punjab,1037,351,0,686,1,Yes,Har ghar jal certified,Certificate by public health engineering department,203,203
Fatehpur,Fateh Pur,Rupnagar,Rupnagar,Punjab,512,431,0,81,2,Yes,Har ghar jal certified,Certificate by public health engineering department,101,101
Fatehgarh Chatauli,Fatehgarh Chatauli,Rupnagar,Rupnagar,Punjab,823,441,0,382,1,Yes,Har ghar jal certified,Certificate by public health engineering department,163,163
Fatehpur Bunga,Fatehpur Bunga,Rupnagar,Rupnagar,Punjab,887,100,0,787,1,Yes,Har ghar jal certified,Certificate by public health engineering department,109,109
Gandhon Kalan,Gandhon Kalan,Rupnagar,Rupnagar,Punjab,665,145,0,520,1,Yes,Har ghar jal certified,Certificate by public health engineering department,136,136
Ghanaula,Ghanaula,Rupnagar,Rupnagar,Punjab,1740,801,0,939,1,Yes,Har ghar jal certified,Certificate by public health engineering department,344,344
Ghanauli,Ghanauli,Rupnagar,Rupnagar,Punjab,5128,1353,0,3775,3,Yes,Har ghar jal certified,Certificate by public health engineering department,898,898
Gobindpur,Gobindpura,Rupnagar,Rupnagar,Punjab,430,90,0,340,1,Yes,Har ghar jal certified,Certificate by public health engineering department,78,78
Sangatpur,Gobindpura,Rupnagar,Rupnagar,Punjab,189,118,0,71,1,Yes,Har ghar jal certified,Certificate by public health engineering department,35,35
Goslan,Goslan,Rupnagar,Rupnagar,Punjab,831,331,0,500,1,Yes,Har ghar jal certified,Certificate by public health engineering department,157,157
GUNO MAJRA,Gunno Majra,Rupnagar,Rupnagar,Punjab,309,0,0,309,1,Yes,Har ghar jal certified,Certificate by public health engineering department,59,59
Hardo Haripur,Hardo Haripur,Rupnagar,Rupnagar,Punjab,148,43,0,105,1,Yes,Har ghar jal certified,Certificate by public health engineering department,51,51
Hardo Nemoh,Hardonamoh,Rupnagar,Rupnagar,Punjab,1182,159,0,1023,5,Yes,Har ghar jal certified,Certificate by public health engineering department,227,227
Haripur,Haripur,Rupnagar,Rupnagar,Punjab,802,240,0,562,1,Yes,Har ghar jal certified,Certificate by public health engineering department,131,131
Harnampur,Harnampur,Rupnagar,Rupnagar,Punjab,76,0,0,76,1,Yes,Har ghar jal certified,Certificate by public health engineering department,15,15
Hirdapur,Hirdapur,Rupnagar,Rupnagar,Punjab,918,122,0,796,1,Yes,Har ghar jal certified,Certificate by public health engineering department,182,182
Kishanpura,Hirdapur,Rupnagar,Rupnagar,Punjab,630,173,0,457,1,Yes,Har ghar jal certified,Certificate by public health engineering department,135,135
Hussainpur,Hussainpur,Rupnagar,Rupnagar,Punjab,1055,472,0,583,1,Yes,Har ghar jal certified,Certificate by public health engineering department,205,205
Jhallian Kalan,Jhallian Kalan,Rupnagar,Rupnagar,Punjab,1898,408,0,1490,1,Yes,Har ghar jal certified,Certificate by public health engineering department,351,351
Kakaut,Kakot,Rupnagar,Rupnagar,Punjab,577,364,0,213,2,Yes,Har ghar jal certified,Certificate by public health engineering department,109,109
Kakrala,Kakrala,Rupnagar,Rupnagar,Punjab,522,158,0,364,2,Yes,Har ghar jal certified,Certificate by public health engineering department,105,105
Kakron,Kakraon,Rupnagar,Rupnagar,Punjab,686,165,0,521,1,Yes,Har ghar jal certified,Certificate by public health engineering department,132,132
Kalal Majra,Kalal Majra,Rupnagar,Rupnagar,Punjab,722,378,0,344,1,Yes,Har ghar jal certified,Certificate by public health engineering department,133,133
Kamalpur,Kamalpur,Rupnagar,Rupnagar,Punjab,637,240,0,397,1,Yes,Har ghar jal certified,Certificate by public health engineering department,116,116
KATLI,KATLI,Rupnagar,Rupnagar,Punjab,551,11,0,540,1,Yes,Har ghar jal certified,Certificate by public health engineering department,120,120
Khabra,Khabra,Rupnagar,Rupnagar,Punjab,1252,298,0,954,1,Yes,Har ghar jal certified,Certificate by public health engineering department,237,237
Kherabad,Khairabad,Rupnagar,Rupnagar,Punjab,1004,111,0,893,1,Yes,Har ghar jal certified,Certificate by public health engineering department,167,167
Khanpur,Khanpur,Rupnagar,Rupnagar,Punjab,532,84,0,448,1,Yes,Har ghar jal certified,Certificate by public health engineering department,92,92
Himatpur,Kharota,Rupnagar,Rupnagar,Punjab,235,55,0,180,1,Yes,Har ghar jal certified,Certificate by public health engineering department,33,33
Kharota,Kharota,Rupnagar,Rupnagar,Punjab,390,198,0,192,2,Yes,Har ghar jal certified,Certificate by public health engineering department,60,60
Kimatpur,Kharota,Rupnagar,Rupnagar,Punjab,98,0,0,98,1,Yes,Har ghar jal certified,Certificate by public health engineering department,18,18
Khawaspur,Khawaspura,Rupnagar,Rupnagar,Punjab,1340,525,0,815,2,Yes,Har ghar jal certified,Certificate by public health engineering department,179,179
Kheri,Kheri,Rupnagar,Rupnagar,Punjab,933,566,0,367,1,Yes,Har ghar jal certified,Certificate by public health engineering department,179,179
Kheri Salabatpur,Kheri Salabatpur,Rupnagar,Rupnagar,Punjab,828,78,0,750,1,Yes,Har ghar jal certified,Certificate by public health engineering department,156,156
Kishanpura,Kishanpura (207),Rupnagar,Rupnagar,Punjab,20,3,0,17,1,Yes,Har ghar jal certified,Certificate by public health engineering department,5,5
Kot Bala,Kotbala,Rupnagar,Rupnagar,Punjab,660,0,0,660,1,Yes,Har ghar jal certified,Certificate by public health engineering department,121,121
Kotla Nihang,Kotla Nihang,Rupnagar,Rupnagar,Punjab,4899,1776,0,3123,2,Yes,Har ghar jal certified,Certificate by public health engineering department,754,754
Ladal,Ladal,Rupnagar,Rupnagar,Punjab,348,260,0,88,2,Yes,Har ghar jal certified,Certificate by public health engineering department,76,76
Lakhmipur,Lakhmipur,Rupnagar,Rupnagar,Punjab,632,212,0,420,1,Yes,Har ghar jal certified,Certificate by public health engineering department,136,136
Lodhi Majra,Laudi Majra,Rupnagar,Rupnagar,Punjab,1092,242,0,850,1,Yes,Har ghar jal certified,Certificate by public health engineering department,217,217
Lohari,Lohari,Rupnagar,Rupnagar,Punjab,899,378,0,521,1,Yes,Har ghar jal certified,Certificate by public health engineering department,156,156
LOHGARH PHIDDE,LOHGARH PHIDDE,Rupnagar,Rupnagar,Punjab,948,0,0,948,2,Yes,Har ghar jal certified,Certificate by public health engineering department,193,193
Madpur,Madpur,Rupnagar,Rupnagar,Punjab,296,6,0,290,1,Yes,Har ghar jal certified,Certificate by public health engineering department,53,53
Magroor,Magror,Rupnagar,Rupnagar,Punjab,780,286,0,494,1,Yes,Har ghar jal certified,Certificate by public health engineering department,155,155
Mahlan,Mahlan,Rupnagar,Rupnagar,Punjab,885,341,0,544,1,Yes,Har ghar jal certified,Certificate by public health engineering department,155,155
MAJRI THEKEDARA,MAJRI,Rupnagar,Rupnagar,Punjab,759,530,0,229,3,Yes,Har ghar jal certified,Certificate by public health engineering department,137,137
MAJRI GHAT,MAJRI GHAT,Rupnagar,Rupnagar,Punjab,302,0,0,302,1,Yes,Har ghar jal certified,Certificate by public health engineering department,37,37
MAJRI,MAJRI GUJJARA,Rupnagar,Rupnagar,Punjab,252,13,0,239,1,Yes,Har ghar jal certified,Certificate by public health engineering department,43,43
Khalidpur,MAJRI JATTAN,Rupnagar,Rupnagar,Punjab,180,180,0,0,1,Yes,Har ghar jal certified,Certificate by public health engineering department,36,36
MAJRI JATTAN,MAJRI JATTAN,Rupnagar,Rupnagar,Punjab,192,47,0,145,2,Yes,Har ghar jal certified,Certificate by public health engineering department,37,37
Makauri Kalan,Makauri Kalan,Rupnagar,Rupnagar,Punjab,449,200,0,249,1,Yes,Har ghar jal certified,Certificate by public health engineering department,90,90
Makauri Khurd,Makauri Kalan,Rupnagar,Rupnagar,Punjab,420,350,0,70,1,Yes,Har ghar jal certified,Certificate by public health engineering department,89,89
Malikpur,Malikpur,Rupnagar,Rupnagar,Punjab,2063,301,0,1762,2,Yes,Har ghar jal certified,Certificate by public health engineering department,433,433
Tappal Majra,Malikpur,Rupnagar,Rupnagar,Punjab,261,124,0,137,1,Yes,Har ghar jal certified,Certificate by public health engineering department,43,43
Manak Majra,Manak Majra,Rupnagar,Rupnagar,Punjab,571,184,0,387,1,Yes,Har ghar jal certified,Certificate by public health engineering department,123,123
Diwari,Manguwal,Rupnagar,Rupnagar,Punjab,169,0,0,169,1,Yes,Har ghar jal certified,Certificate by public health engineering department,31,31
Manguwal,Manguwal,Rupnagar,Rupnagar,Punjab,381,135,0,246,1,Yes,Har ghar jal certified,Certificate by public health engineering department,71,71
Mansali,Mansali,Rupnagar,Rupnagar,Punjab,554,157,0,397,1,Yes,Har ghar jal certified,Certificate by public health engineering department,115,115
Mansuha Kalan,Manshua Kalan,Rupnagar,Rupnagar,Punjab,1195,589,0,606,1,Yes,Har ghar jal certified,Certificate by public health engineering department,221,221
Mansuha Khurd,Mansuha Chhota,Rupnagar,Rupnagar,Punjab,309,102,0,207,1,Yes,Har ghar jal certified,Certificate by public health engineering department,48,48
Jahangir,Miani,Rupnagar,Rupnagar,Punjab,32,0,0,32,1,Yes,Har ghar jal certified,Certificate by public health engineering department,7,7
Miani,Miani,Rupnagar,Rupnagar,Punjab,150,5,0,145,1,Yes,Har ghar jal certified,Certificate by public health engineering department,29,29
Mianpur,Mianpur,Rupnagar,Rupnagar,Punjab,2321,691,0,1630,1,Yes,Har ghar jal certified,Certificate by public health engineering department,467,467
Mianpur Handoor,Mianpur Hundur,Rupnagar,Rupnagar,Punjab,909,242,0,667,5,Yes,Har ghar jal certified,Certificate by public health engineering department,157,157
Mugal Majri,Mughal Majri,Rupnagar,Rupnagar,Punjab,490,177,0,313,1,Yes,Har ghar jal certified,Certificate by public health engineering department,97,97
Nanakpur Alias Sharfabad,Nanakpur,Rupnagar,Rupnagar,Punjab,514,257,0,257,2,Yes,Har ghar jal certified,Certificate by public health engineering department,101,101
Nangal Sirsa,Nangal Sirsa,Rupnagar,Rupnagar,Punjab,1067,336,0,731,1,Yes,Har ghar jal certified,Certificate by public health engineering department,200,200
Nuhon,Nuhon 15,Rupnagar,Rupnagar,Punjab,692,0,0,692,1,Yes,Har ghar jal certified,Certificate by public health engineering department,138,138
Panjola,Panjola,Rupnagar,Rupnagar,Punjab,1097,301,0,796,1,Yes,Har ghar jal certified,Certificate by public health engineering department,187,187
Panjoli,Panjoli,Rupnagar,Rupnagar,Punjab,462,238,0,224,1,Yes,Har ghar jal certified,Certificate by public health engineering department,90,90
Paprala,Paprala,Rupnagar,Rupnagar,Punjab,941,68,0,873,1,Yes,Har ghar jal certified,Certificate by public health engineering department,167,167
Parhi,Parhi,Rupnagar,Rupnagar,Punjab,342,0,0,342,1,Yes,Har ghar jal certified,Certificate by public health engineering department,69,69
Pathar Majra,Pathar Majra,Rupnagar,Rupnagar,Punjab,244,18,0,226,1,Yes,Har ghar jal certified,Certificate by public health engineering department,43,43
Pathrari Jattan,Pathreri Jattan,Rupnagar,Rupnagar,Punjab,1281,514,0,767,1,Yes,Har ghar jal certified,Certificate by public health engineering department,231,231
Patial,Patial,Rupnagar,Rupnagar,Punjab,711,98,0,613,1,Yes,Har ghar jal certified,Certificate by public health engineering department,153,153
Phoolpur Garewal,Phulpur Grewal,Rupnagar,Rupnagar,Punjab,561,21,0,540,1,Yes,Har ghar jal certified,Certificate by public health engineering department,120,120
Pirthipur,Pirthipur,Rupnagar,Rupnagar,Punjab,999,624,0,375,1,Yes,Har ghar jal certified,Certificate by public health engineering department,178,178
Purkhali,Purkhali,Rupnagar,Rupnagar,Punjab,1931,771,0,1160,1,Yes,Har ghar jal certified,Certificate by public health engineering department,336,336
Chotti Railon,Railon Chhoti,Rupnagar,Rupnagar,Punjab,733,245,0,488,1,Yes,Har ghar jal certified,Certificate by public health engineering department,138,138
RAJE MAJRA,RAJE MAJRA,Rupnagar,Rupnagar,Punjab,633,234,0,399,1,Yes,Har ghar jal certified,Certificate by public health engineering department,115,115
Ramgarh,Ramgarh,Rupnagar,Rupnagar,Punjab,414,107,0,307,1,Yes,Har ghar jal certified,Certificate by public health engineering department,80,80
RAMPUR,RAMPUR,Rupnagar,Rupnagar,Punjab,807,321,0,486,1,Yes,Har ghar jal certified,Certificate by public health engineering department,134,134
RAMPUR MAJRI,RAMPUR MAJRI,Rupnagar,Rupnagar,Punjab,890,371,0,519,1,Yes,Har ghar jal certified,Certificate by public health engineering department,165,165
Gandhon Khurd,Rangilpur,Rupnagar,Rupnagar,Punjab,195,0,0,195,1,Yes,Har ghar jal certified,Certificate by public health engineering department,42,42
Gurpura,Rangilpur,Rupnagar,Rupnagar,Punjab,98,0,0,98,1,Yes,Har ghar jal certified,Certificate by public health engineering department,22,22
Rangilpur,Rangilpur,Rupnagar,Rupnagar,Punjab,953,377,0,576,1,Yes,Har ghar jal certified,Certificate by public health engineering department,100,100
Rasulpur,Rasulpur,Rupnagar,Rupnagar,Punjab,530,36,0,494,1,Yes,Har ghar jal certified,Certificate by public health engineering department,96,96
Ratanpura,Rattanpura,Rupnagar,Rupnagar,Punjab,899,68,0,831,1,Yes,Har ghar jal certified,Certificate by public health engineering department,193,193
Rawal Majra,Rawalmajra,Rupnagar,Rupnagar,Punjab,N/A,N/A,N/A,N/A,N/A,N/A,N/A,N/A,N/A,N/A
ROAD MAJRA,ROADMAJRA,Rupnagar,Rupnagar,Punjab,650,296,0,354,1,Yes,Har ghar jal certified,Certificate by public health engineering department,132,132
Shaho Majra,Saho Majra,Rupnagar,Rupnagar,Punjab,393,0,0,393,1,Yes,Har ghar jal certified,Certificate by public health engineering department,80,80
Sainfalpur,Sainfalpur,Rupnagar,Rupnagar,Punjab,802,340,0,462,1,Yes,Har ghar jal certified,Certificate by public health engineering department,152,152
Saini Majra,Sainimajra,Rupnagar,Rupnagar,Punjab,N/A,N/A,N/A,N/A,N/A,N/A,N/A,N/A,N/A,N/A
Salapur,Salahpur,Rupnagar,Rupnagar,Punjab,799,223,0,576,2,Yes,Har ghar jal certified,Certificate by public health engineering department,152,152
Salora,Salaura,Rupnagar,Rupnagar,Punjab,430,41,0,389,1,Yes,Har ghar jal certified,Certificate by public health engineering department,76,76
Samrala,Samrala,Rupnagar,Rupnagar,Punjab,365,211,0,154,1,Yes,Har ghar jal certified,Certificate by public health engineering department,79,79
Sanana,Sanana,Rupnagar,Rupnagar,Punjab,957,383,0,574,3,Yes,Har ghar jal certified,Certificate by public health engineering department,171,171
Santokhgarh,Santokh Garh,Rupnagar,Rupnagar,Punjab,465,0,0,465,1,Yes,Har ghar jal certified,Certificate by public health engineering department,85,85
SANTPUR CHUPKI,Santpur Urf Chupki,Rupnagar,Rupnagar,Punjab,181,0,0,181,1,Yes,Har ghar jal certified,Certificate by public health engineering department,42,42
Kalowal Bholewal,Sarari,Rupnagar,Rupnagar,Punjab,443,250,0,193,1,Yes,Har ghar jal certified,Certificate by public health engineering department,98,98
Sarari,Sarari,Rupnagar,Rupnagar,Punjab,270,102,0,168,1,Yes,Har ghar jal certified,Certificate by public health engineering department,50,50
Sihon Majra,Sehon Majra,Rupnagar,Rupnagar,Punjab,699,318,0,381,1,Yes,Har ghar jal certified,Certificate by public health engineering department,132,132
Shampura,Shampur,Rupnagar,Rupnagar,Punjab,2777,444,0,2333,1,Yes,Har ghar jal certified,Certificate by public health engineering department,389,389
Simbal Jhalian,Simbal Jhllian,Rupnagar,Rupnagar,Punjab,651,254,0,397,1,Yes,Har ghar jal certified,Certificate by public health engineering department,118,118
Singh,Singh,Rupnagar,Rupnagar,Punjab,917,193,0,724,1,Yes,Har ghar jal certified,Certificate by public health engineering department,178,178
Singhpura,Singhpura,Rupnagar,Rupnagar,Punjab,271,0,0,271,1,Yes,Har ghar jal certified,Certificate by public health engineering department,60,60
Siasatpur,Siyasatpur,Rupnagar,Rupnagar,Punjab,453,205,0,248,1,Yes,Har ghar jal certified,Certificate by public health engineering department,78,78
Solkhian,Solkhian,Rupnagar,Rupnagar,Punjab,1709,766,0,943,1,Yes,Har ghar jal certified,Certificate by public health engineering department,311,311
Thali,Thali,Rupnagar,Rupnagar,Punjab,1385,162,0,1223,2,Yes,Har ghar jal certified,Certificate by public health engineering department,143,143
Thona,Thauna,Rupnagar,Rupnagar,Punjab,1222,311,0,911,1,Yes,Har ghar jal certified,Certificate by public health engineering department,222,222
Tirak Gandhi,Tirak Karma,Rupnagar,Rupnagar,Punjab,127,0,0,127,1,Yes,Har ghar jal certified,Certificate by public health engineering department,25,25
TIRAK KARMA,Tirak Karma,Rupnagar,Rupnagar,Punjab,249,2,0,247,1,Yes,Har ghar jal certified,Certificate by public health engineering department,32,32
